{
    "@class": "com.kony.gen.viz.model.component.KVizImage2",
    "DNDConfig": null,
    "__parentReadjusting__": false,
    "_base64_": null,
    "_height_": {
        "type": "string",
        "value": "100%"
    },
    "_left_": {
        "type": "string",
        "value": "81.33%"
    },
    "_margin_": [
        0,
        0,
        0,
        0
    ],
    "_padding_": [
        0,
        0,
        0,
        0
    ],
    "_skin_": "s1565385cff54aeca36d97fb153483b1",
    "_src_": "imagedrag.png",
    "_top_": {
        "type": "string",
        "value": "-0.01%"
    },
    "_width_": {
        "type": "string",
        "value": "16%"
    },
    "canUpdateUI": true,
    "containerweight": 100,
    "context": {
        "channel": "mobile",
        "formID": "frmeffectsIphone",
        "platform": "iphone",
        "templateType": "forms",
        "topLevelBox": null
    },
    "id": "img7",
    "ide_onTouchEnd": "AS_Image_011e388544b5404fa21475e5101091cc",
    "imagescalemode": 1,
    "info": null,
    "isvisible": true,
    "kuid": "e5bf20e93e924e21bf1e53fa0f069f03",
    "name": "kony.ui.Image2",
    "ontouchend": "AS_Image_011e388544b5404fa21475e5101091cc",
    "parent": "FlexContainer021184713ccf344",
    "pf": "frmeffectsIphone",
    "srcType": 1,
    "wType": "Image",
    "widgetalignment": 5,
    "zindex": 1
}