{
    "DNDConfig": null,
    "__parentReadjusting__": false,
    "_height_": {
        "type": "string",
        "value": "10%"
    },
    "_left_": {
        "type": "string",
        "value": "0dp"
    },
    "_margin_": [
        0,
        0,
        0,
        0
    ],
    "_orientation_": 6,
    "_padding_": [
        0,
        0,
        0,
        0
    ],
    "_percent_": true,
    "_skin_": "s0d984c0aff74f8d9caca83433baeab0",
    "_top_": {
        "type": "string",
        "value": "90%"
    },
    "_width_": {
        "type": "string",
        "value": "100%"
    },
    "allboxes": [],
    "autogrowmode": 0,
    "canUpdateUI": true,
    "children": [
        "Button04e92dfc6b8274e"
    ],
    "clipbounds": true,
    "containerweight": 100,
    "enablescrolling": true,
    "id": "FlexContainer039310b3f463945",
    "info": null,
    "isvisible": true,
    "kuid": "c1c74a60606347429c8cec7ad75dfc91",
    "layouttype": 2,
    "name": "kony.ui.FlexContainer",
    "parent": "frmOverlay1",
    "pf": "frmOverlay1",
    "snapgridsize": 10,
    "snaptogrid": true,
    "wType": "FlexContainer",
    "widgetalignment": 1,
    "zindex": 1
}