{
    "DNDConfig": null,
    "__parentReadjusting__": false,
    "_height_": {
        "type": "string",
        "value": "15%"
    },
    "_left_": {
        "type": "string",
        "value": "0dp"
    },
    "_margin_": [
        0,
        0,
        0,
        0
    ],
    "_padding_": [
        0,
        0,
        0,
        0
    ],
    "_skin_": "s0dcad149f60400aaf26bf8eeba6075c",
    "_top_": {
        "type": "string",
        "value": "0dp"
    },
    "_width_": {
        "type": "string",
        "value": "100%"
    },
    "allboxes": [],
    "android": {
        "@class": "com.kony.gen.viz.model.container.property.flex.AndroidFlexProperty",
        "_render_": true,
        "render": true
    },
    "canUpdateUI": true,
    "channel": "mobile",
    "children": [
        "RearCamera"
    ],
    "clipbounds": true,
    "containerweight": 100,
    "defaultunit": 2,
    "id": "flexContainer19986005869098",
    "iphone": {
        "@class": "com.kony.gen.viz.model.container.property.flex.IPhoneFlexProperty",
        "_render_": true,
        "render": true
    },
    "isvisible": true,
    "kuid": "p2kwiet1379155974112",
    "layouttype": 2,
    "margininpixel": false,
    "name": "kony.ui.FlexContainer",
    "paddinginpixel": false,
    "parent": "frmOverlay1",
    "pf": "frmOverlay1",
    "spa": {
        "@class": "com.kony.gen.viz.model.container.property.flex.SPAFlexProperty"
    },
    "spaan": {
        "@class": "com.kony.gen.viz.model.container.property.flex.SPAAndroidFlexProperty",
        "_render_": true,
        "render": true
    },
    "spabb": {
        "@class": "com.kony.gen.viz.model.container.property.flex.SPABBFlexProperty",
        "_render_": false,
        "render": false
    },
    "spaip": {
        "@class": "com.kony.gen.viz.model.container.property.flex.SPAIPhoneFlexProperty",
        "_render_": true,
        "render": true
    },
    "spawinphone8": {
        "@class": "com.kony.gen.viz.model.container.property.flex.SPAWinPhone8FlexProperty",
        "_render_": true,
        "render": true
    },
    "wType": "FlexContainer",
    "widgetalignment": 1,
    "winphone8": {
        "@class": "com.kony.gen.viz.model.container.property.flex.WinPhone8FlexProperty",
        "_render_": true,
        "render": true
    },
    "zindex": 1
}