{
    "@class": "com.kony.gen.viz.model.container.KVizScrollFlexForm",
    "DNDConfig": null,
    "_headers_": [
        null
    ],
    "_margin_": [
        0,
        0,
        0,
        0
    ],
    "_orientation_": 1,
    "_padding_": [
        0,
        0,
        0,
        0
    ],
    "_percent_": true,
    "_skin_": "s651f7e7b53944ac9918b9a0d0440aee",
    "_title_": null,
    "addWidgetsdone": false,
    "allboxes": [],
    "android": {
        "needAppMenu": false
    },
    "canUpdateUI": true,
    "children": [
        "FlexContainer0738bfb11778d46",
        "FlexScrollContainer0bca70123445b43"
    ],
    "containerweight": 100,
    "currentLocale": null,
    "desktopweb": {
        "needAppMenu": false
    },
    "device": "GalaxyS5",
    "displayorientation": 1,
    "enabled": false,
    "enabledforidletimeout": false,
    "header": "frmblurAndroid_header",
    "headersId": "667000dc7b35444caf95ef3347ea2228",
    "id": "frmblurAndroid",
    "ide_onHide": "AS_Form_7b22af3c5faf47e5b83e594247ceda6b",
    "info": null,
    "initdone": false,
    "inputaccessoryviewtype": {
        "desktopweb": {
            "needAppMenu": false
        },
        "ipad": {
            "psp": {
                "inputAccessoryViewType": 4
            }
        },
        "iphone": {
            "psp": {
                "inputAccessoryViewType": 4,
                "titleBarConfig": {
                    "buttonClosureLeftSideView": "",
                    "buttonClosureRightSideView": "",
                    "buttonText": "Edit",
                    "leftButtonText": "Back",
                    "leftTitle": "Back",
                    "prevFormTitle": false,
                    "renderTitleText": true,
                    "rightTitle": "Edit",
                    "titleBarLeftSideView": "button",
                    "titleBarRightSideView": "button",
                    "titleClosureLeftSideView": "",
                    "titleClosureRightSideView": "",
                    "visible": true
                }
            },
            "titleBar": true
        }
    },
    "invokedProperty": "headers",
    "ipad": {
        "psp": {
            "inputAccessoryViewType": 4
        }
    },
    "iphone": {
        "needAppMenu": false,
        "psp": {
            "inputAccessoryViewType": 4,
            "titleBarConfig": {
                "buttonClosureLeftSideView": "",
                "buttonClosureRightSideView": "",
                "buttonText": "Edit",
                "leftButtonText": "Back",
                "leftTitle": "Back",
                "prevFormTitle": false,
                "renderTitleText": true,
                "rightTitle": "Edit",
                "titleBarLeftSideView": "button",
                "titleBarRightSideView": "button",
                "titleClosureLeftSideView": "",
                "titleClosureRightSideView": "",
                "visible": false
            }
        },
        "titleBar": false
    },
    "isvisible": true,
    "kuid": "421e80eda23744eda8e843993a89ce4f",
    "layouttype": 2,
    "name": "kony.ui.Form2",
    "needappmenu": true,
    "onhide": "AS_Form_7b22af3c5faf47e5b83e594247ceda6b",
    "paddinginpixel": false,
    "platform": "android",
    "prevDevice": "iPhone6",
    "prevPlatform": "iphone",
    "retainscrollposition": false,
    "shellCSS": "and_GalaxyS5",
    "snapgridsize": 10,
    "snaptogrid": true,
    "spaan": {
        "needAppMenu": true
    },
    "spabb": {
        "needAppMenu": true
    },
    "spaip": {
        "needAppMenu": true
    },
    "spawinphone8": {
        "needAppMenu": true
    },
    "titleBarSkin": "s01a3c761ed44dcab0d6537d1b55b621",
    "titlebar": true,
    "type": 3,
    "wType": "Form",
    "winphone8": {
        "needAppMenu": true
    }
}