{
    "@class": "com.kony.gen.viz.model.container.KVizForm",
    "DNDConfig": null,
    "_margin_": [
        0,
        0,
        0,
        0
    ],
    "_orientation_": 1,
    "_padding_": [
        0,
        0,
        0,
        0
    ],
    "_percent_": true,
    "_skin_": "s3f768fd25ab44b297054cc4d6ed59a4",
    "_title_": null,
    "addWidgetsdone": false,
    "allboxes": [],
    "canUpdateUI": true,
    "children": [
        "Image097553daa4b5946"
    ],
    "containerweight": 100,
    "currentLocale": null,
    "desktopweb": {
        "needAppMenu": false
    },
    "device": "iPhone6",
    "displayorientation": 1,
    "enabled": false,
    "enabledforidletimeout": false,
    "id": "Form0462476075e4144",
    "info": null,
    "initdone": false,
    "inputaccessoryviewtype": {
        "desktopweb": {
            "needAppMenu": false
        },
        "ipad": {
            "psp": {
                "inputAccessoryViewType": 4
            }
        },
        "iphone": {
            "psp": {
                "inputAccessoryViewType": 4,
                "titleBarConfig": {
                    "buttonClosureLeftSideView": "",
                    "buttonClosureRightSideView": "",
                    "buttonText": "Edit",
                    "leftButtonText": "Back",
                    "leftTitle": "Back",
                    "prevFormTitle": false,
                    "renderTitleText": true,
                    "rightTitle": "Edit",
                    "titleBarLeftSideView": "button",
                    "titleBarRightSideView": "button",
                    "titleClosureLeftSideView": "",
                    "titleClosureRightSideView": "",
                    "visible": true
                }
            },
            "titleBar": true
        }
    },
    "ipad": {
        "psp": {
            "inputAccessoryViewType": 4
        }
    },
    "iphone": {
        "psp": {
            "inputAccessoryViewType": 4,
            "titleBarConfig": {
                "buttonClosureLeftSideView": "",
                "buttonClosureRightSideView": "",
                "buttonText": "Edit",
                "leftButtonText": "Back",
                "leftTitle": "Back",
                "prevFormTitle": false,
                "renderTitleText": false,
                "rightTitle": "Edit",
                "titleBarLeftSideView": "button",
                "titleBarRightSideView": "button",
                "titleClosureLeftSideView": "",
                "titleClosureRightSideView": "",
                "visible": false
            }
        },
        "titleBar": false
    },
    "isvisible": true,
    "kuid": "303980377e04414a922d9f29be14e063",
    "name": "kony.ui.Form2",
    "needappmenu": true,
    "paddinginpixel": false,
    "platform": "iphone",
    "prevDevice": "iPhone6",
    "prevPlatform": "iphone",
    "retainscrollposition": false,
    "shellCSS": "iOS_iPhone6",
    "titleBarSkin": "s01a3c761ed44dcab0d6537d1b55b621",
    "titlebar": true,
    "type": 3,
    "wType": "Form"
}