{
    "@class": "com.kony.gen.viz.model.component.KVizImage2",
    "DNDConfig": null,
    "_base64_": null,
    "_margin_": [
        0,
        0,
        0,
        0
    ],
    "_padding_": [
        0,
        0,
        0,
        0
    ],
    "_skin_": "s1565385cff54aeca36d97fb153483b1",
    "_src_": "imagedrag.png",
    "canUpdateUI": true,
    "containerweight": 100,
    "context": {
        "channel": "mobile",
        "platform": "iphone",
        "templateType": "forms",
        "topLevelBox": null
    },
    "enabled": false,
    "id": "Image097553daa4b5946",
    "imagescalemode": 1,
    "info": null,
    "isvisible": true,
    "kuid": "d5eb9f66d8654a8a8f12942f04984f69",
    "name": "kony.ui.Image2",
    "parent": "Form0462476075e4144",
    "pf": "Form0462476075e4144",
    "srcType": 1,
    "wType": "Image",
    "widgetalignment": 5
}