{
    "@class": "com.kony.gen.viz.model.component.KVizImage2",
    "DNDConfig": null,
    "__parentReadjusting__": false,
    "_base64_": null,
    "_height_": {
        "type": "string",
        "value": "80%"
    },
    "_left_": {
        "type": "string",
        "value": "69.90%"
    },
    "_margin_": [
        0,
        0,
        0,
        0
    ],
    "_padding_": [
        0,
        0,
        0,
        0
    ],
    "_skin_": "s1565385cff54aeca36d97fb153483b1",
    "_src_": "hue.png",
    "_top_": {
        "type": "string",
        "value": "0dp"
    },
    "_width_": {
        "type": "string",
        "value": "22%"
    },
    "canUpdateUI": true,
    "containerweight": 100,
    "context": {
        "channel": "mobile",
        "formID": "frmBrightnessIPhone",
        "platform": "iphone",
        "templateType": "forms",
        "topLevelBox": null
    },
    "id": "CopyImage0e7498f891cd345",
    "ide_onTouchEnd": "AS_Image_b7b032b804ad4b4886908689b8b5f66a",
    "imagescalemode": 1,
    "info": null,
    "invokedProperty": "src",
    "isvisible": true,
    "kuid": "77916df875e24771b35e9c16ac763e52",
    "name": "kony.ui.Image2",
    "ontouchend": "AS_Image_b7b032b804ad4b4886908689b8b5f66a",
    "parent": "FlexContainer055b9b6f66e5348",
    "pf": "frmBrightnessIPhone",
    "srcType": 1,
    "wType": "Image",
    "widgetalignment": 5,
    "zindex": 1
}