{
    "@class": "com.kony.gen.viz.model.component.KVizImage2",
    "DNDConfig": null,
    "__parentReadjusting__": false,
    "_base64_": null,
    "_height_": {
        "type": "string",
        "value": "80%"
    },
    "_left_": {
        "type": "string",
        "value": "22.67%"
    },
    "_margin_": [
        0,
        0,
        0,
        0
    ],
    "_padding_": [
        0,
        0,
        0,
        0
    ],
    "_skin_": "s1565385cff54aeca36d97fb153483b1",
    "_src_": "contrast.png",
    "_top_": {
        "type": "string",
        "value": "0dp"
    },
    "_width_": {
        "type": "string",
        "value": "22%"
    },
    "canUpdateUI": true,
    "containerweight": 100,
    "context": {
        "channel": "mobile",
        "formID": "frmBrightnessIPhone",
        "platform": "iphone",
        "templateType": "forms",
        "topLevelBox": null
    },
    "id": "CopyImage0c514db794f374f",
    "ide_onTouchEnd": "AS_Image_53ac80c297f24ab0b743680d406f63a8",
    "imagescalemode": 1,
    "info": null,
    "invokedProperty": "src",
    "isvisible": true,
    "kuid": "75b1451ca3ca40df91ee359d1ef4bea7",
    "name": "kony.ui.Image2",
    "ontouchend": "AS_Image_53ac80c297f24ab0b743680d406f63a8",
    "parent": "FlexContainer055b9b6f66e5348",
    "pf": "frmBrightnessIPhone",
    "srcType": 1,
    "wType": "Image",
    "widgetalignment": 5,
    "zindex": 1
}