{
    "@class": "com.kony.gen.viz.model.component.KVizImage2",
    "DNDConfig": null,
    "__parentReadjusting__": false,
    "_base64_": null,
    "_height_": {
        "type": "string",
        "value": "80%"
    },
    "_left_": {
        "type": "string",
        "value": "45.31%"
    },
    "_margin_": [
        0,
        0,
        0,
        0
    ],
    "_padding_": [
        0,
        0,
        0,
        0
    ],
    "_skin_": "s1565385cff54aeca36d97fb153483b1",
    "_src_": "saturation.png",
    "_top_": {
        "type": "string",
        "value": "0dp"
    },
    "_width_": {
        "type": "string",
        "value": "22%"
    },
    "canUpdateUI": true,
    "containerweight": 100,
    "context": {
        "channel": "mobile",
        "formID": "frmBrightnessIPhone",
        "platform": "iphone",
        "templateType": "forms",
        "topLevelBox": null
    },
    "id": "CopyImage02a9fd7302f7743",
    "ide_onTouchEnd": "AS_Image_4d07e99af73d4d9dabd3068507f7e911",
    "imagescalemode": 1,
    "info": null,
    "invokedProperty": "src",
    "isvisible": true,
    "kuid": "d4325c5dfed94805afb32f0c7cf9c525",
    "name": "kony.ui.Image2",
    "ontouchend": "AS_Image_4d07e99af73d4d9dabd3068507f7e911",
    "parent": "FlexContainer055b9b6f66e5348",
    "pf": "frmBrightnessIPhone",
    "srcType": 1,
    "wType": "Image",
    "widgetalignment": 5,
    "zindex": 1
}