{
    "DNDConfig": null,
    "__parentReadjusting__": false,
    "_height_": {
        "type": "string",
        "value": "16%"
    },
    "_left_": {
        "type": "string",
        "value": "0dp"
    },
    "_margin_": [
        0,
        0,
        0,
        0
    ],
    "_orientation_": 6,
    "_padding_": [
        0,
        0,
        0,
        0
    ],
    "_percent_": true,
    "_skin_": "s403d6d0184746d7b395d3fd4571a8da",
    "_top_": {
        "type": "string",
        "value": "88%"
    },
    "_width_": {
        "type": "string",
        "value": "100%"
    },
    "allboxes": [],
    "autogrowmode": 0,
    "canUpdateUI": true,
    "children": [
        "Label074801e554cd44e",
        "Image08b0d77a56bda4f",
        "CopyImage0c514db794f374f",
        "CopyImage02a9fd7302f7743",
        "CopyImage0e7498f891cd345",
        "CopyLabel078f146f7fd964d",
        "CopyLabel0213c5339edac42",
        "CopyLabel0fedcfb45755049"
    ],
    "clipbounds": true,
    "containerweight": 100,
    "enablescrolling": true,
    "id": "FlexContainer055b9b6f66e5348",
    "info": null,
    "isvisible": true,
    "kuid": "d1ab6015b9d44ea29f8a880bb4e8d2e6",
    "layouttype": 2,
    "name": "kony.ui.FlexContainer",
    "parent": "frmBrightnessIPhone",
    "pf": "frmBrightnessIPhone",
    "snapgridsize": 10,
    "snaptogrid": true,
    "vizProps": {
        "hide": false
    },
    "wType": "FlexContainer",
    "widgetalignment": 1,
    "zindex": 1
}