{
    "@class": "com.kony.gen.viz.model.component.KVizImage2",
    "DNDConfig": null,
    "__parentReadjusting__": false,
    "_base64_": null,
    "_height_": {
        "type": "string",
        "value": "100%"
    },
    "_left_": {
        "type": "string",
        "value": "49.98%"
    },
    "_margin_": [
        0,
        0,
        0,
        0
    ],
    "_padding_": [
        0,
        0,
        0,
        0
    ],
    "_skin_": "s1565385cff54aeca36d97fb153483b1",
    "_src_": "logotype144.png",
    "_top_": {
        "type": "string",
        "value": "0.00%"
    },
    "_width_": {
        "type": "string",
        "value": "50%"
    },
    "canUpdateUI": true,
    "containerweight": 100,
    "context": {
        "channel": "mobile",
        "formID": "frm2",
        "platform": "android",
        "templateType": "forms",
        "topLevelBox": null
    },
    "id": "CopyImage010e0ac2dfbc34f",
    "imagescalemode": 1,
    "info": null,
    "invokedProperty": "src",
    "isvisible": true,
    "kuid": "9086f665ad574fba873de77e747dd38e",
    "name": "kony.ui.Image2",
    "parent": "Flexscroll2",
    "pf": "frm2",
    "srcType": 1,
    "wType": "Image",
    "widgetalignment": 5
}