{
    "@class": "com.kony.gen.viz.model.component.KVizButton",
    "DNDConfig": null,
    "__parentReadjusting__": false,
    "_height_": {
        "type": "string",
        "value": "100%"
    },
    "_left_": {
        "type": "string",
        "value": "57dp"
    },
    "_margin_": [
        6,
        6,
        6,
        6
    ],
    "_padding_": [
        0,
        0,
        0,
        0
    ],
    "_skin_": "sc13047e7faf44988c2aecbebd02ba4d",
    "_text_": "",
    "_top_": {
        "type": "string",
        "value": "0%"
    },
    "_width_": {
        "type": "string",
        "value": "25%"
    },
    "canUpdateUI": true,
    "centerx": {
        "type": "string",
        "value": "50%"
    },
    "centery": {
        "type": "string",
        "value": "50%"
    },
    "containerweight": 100,
    "contentalignment": 5,
    "displaytext": true,
    "focusskin": "s26bdf3bcfee4930a21fed04b784535e",
    "id": "Button04e92dfc6b8274e",
    "ide_onClick": "AS_Button_150b54b05ffe46ff9ed7aa7e423554ce",
    "info": null,
    "isvisible": true,
    "kuid": "5b596920f15140a3ac66c6923dd102e1",
    "name": "kony.ui.Button",
    "onclick": "AS_Button_150b54b05ffe46ff9ed7aa7e423554ce",
    "parent": "FlexContainer039310b3f463945",
    "pf": "frmOverlay",
    "wType": "Button"
}