{
    "DNDConfig": null,
    "_margin_": [
        0,
        0,
        0,
        0
    ],
    "_padding_": [
        0,
        0,
        0,
        0
    ],
    "_skin_": "s80618bbdedc463584884745bf35a14b",
    "_title_": "",
    "accessibilityconfig": {
        "a11yHidden": false,
        "a11yHint": "",
        "a11yLabel": "",
        "a11yValue": ""
    },
    "allboxes": [],
    "allowhorizontalbounce": true,
    "allowverticalbounce": true,
    "android": {
        "@class": "com.kony.gen.viz.model.container.property.scrollflexform.AndroidScrollFlexFormProperty",
        "displayOrientation": 3,
        "footerOverlap": false,
        "headerOverlap": false,
        "inTransitionConfig": {
            "formAnimation": 0
        },
        "isModal": false,
        "menuPosition": 2,
        "needAppMenu": false,
        "outTransitionConfig": {
            "formAnimation": 0
        },
        "render": true
    },
    "bounces": true,
    "canUpdateUI": true,
    "centerx": "",
    "centery": "",
    "channel": "mobile",
    "children": [
        "flexContainer19986005869098",
        "FlexContainer039310b3f463945"
    ],
    "containerheightreference": 1,
    "containerweight": 80,
    "contentoffset": {},
    "contentsize": {},
    "currentLocale": null,
    "defaultunit": 2,
    "device": "GalaxyS5",
    "displayorientation": 3,
    "enabledforidletimeout": false,
    "enablescrolling": true,
    "footeroverlap": false,
    "headeroverlap": false,
    "horizontalscrollindicator": true,
    "id": "frmOverlay",
    "ide_postShow": "AS_Form_b087f55acdfb4e3daa28d363cd4b13dd",
    "ide_preShow": "AS_Form_737b90383c9d48de99efbd44196171c5",
    "iphone": {
        "@class": "com.kony.gen.viz.model.container.property.scrollflexform.IPhoneScrollFlexFormProperty",
        "displayOrientation": 3,
        "footerOverlap": false,
        "headerOverlap": false,
        "inTransitionConfig": {
            "transitionDirection": "none",
            "transitionEffect": "none"
        },
        "isModal": false,
        "needAppMenu": false,
        "outTransitionConfig": {
            "transitionDirection": "none",
            "transitionEffect": "none"
        },
        "psp": {
            "maxZoomScale": 1,
            "minZoomScale": 1,
            "titleBarConfig": {
                "buttonClosureLeftSideView": "",
                "buttonClosureRightSideView": "",
                "buttonText": "Edit",
                "leftButtonText": "Back",
                "leftTitle": "Back",
                "prevFormTitle": false,
                "renderTitleText": true,
                "rightTitle": "Edit",
                "titleBarLeftSideView": "button",
                "titleBarRightSideView": "button",
                "titleClosureLeftSideView": "",
                "titleClosureRightSideView": "",
                "visible": false
            },
            "zoomScale": 1
        },
        "render": true,
        "titleBar": false
    },
    "ismodal": false,
    "isvisible": true,
    "kuid": "p2kwiet1379155974107",
    "layouttype": 2,
    "margininpixel": false,
    "menuposition": 2,
    "name": "kony.ui.Form2",
    "needappmenu": false,
    "paddinginpixel": false,
    "pagingenabled": false,
    "platform": "android",
    "postshow": "AS_Form_b087f55acdfb4e3daa28d363cd4b13dd",
    "preshow": "AS_Form_737b90383c9d48de99efbd44196171c5",
    "prevDevice": "iPhone6",
    "prevPlatform": "iphone",
    "retainscrollposition": false,
    "scrolldirection": 2,
    "shellCSS": "and_GalaxyS5",
    "spa": {
        "@class": "com.kony.gen.viz.model.container.property.scrollflexform.SPAScrollFlexFormProperty",
        "inTransitionConfig": {
            "formTransition": "none"
        },
        "isModal": false,
        "needAppMenu": false,
        "outTransitionConfig": {
            "formTransition": "none"
        }
    },
    "spaan": {
        "@class": "com.kony.gen.viz.model.container.property.scrollflexform.SPAAndroidScrollFlexFormProperty",
        "needAppMenu": true,
        "render": true
    },
    "spabb": {
        "@class": "com.kony.gen.viz.model.container.property.scrollflexform.SPABBScrollFlexFormProperty",
        "needAppMenu": true,
        "render": false
    },
    "spaip": {
        "@class": "com.kony.gen.viz.model.container.property.scrollflexform.SPAIPhoneScrollFlexFormProperty",
        "needAppMenu": true,
        "render": true
    },
    "spawinphone8": {
        "@class": "com.kony.gen.viz.model.container.property.scrollflexform.SPAWinPhone8ScrollFlexFormProperty",
        "needAppMenu": true,
        "render": true
    },
    "titleBarSkin": "s7dd598cc9584136aa131f9bc6ff434b",
    "titlebar": true,
    "transparencybehindthepopup": 100,
    "type": 3,
    "verticalscrollindicator": true,
    "wType": "Form",
    "widgetalignment": 1,
    "winphone8": {
        "@class": "com.kony.gen.viz.model.container.property.scrollflexform.WinPhone8ScrollFlexFormProperty",
        "displayOrientation": 1,
        "inTransitionConfig": {
            "transitionSpeed": 0
        },
        "needAppMenu": true,
        "outTransitionConfig": {
            "transitionSpeed": 0
        },
        "render": true
    },
    "zindex": 1
}