{
    "@class": "com.kony.gen.viz.model.component.KVizSlider",
    "DNDConfig": null,
    "__parentReadjusting__": false,
    "_height_": {
        "type": "string",
        "value": "10%"
    },
    "_left_": {
        "type": "string",
        "value": "0%"
    },
    "_margin_": [
        0,
        0,
        0,
        0
    ],
    "_max_": 30,
    "_min_": 3,
    "_padding_": [
        0,
        0,
        0,
        0
    ],
    "_step_": 3,
    "_thickness_": "15",
    "_top_": {
        "type": "string",
        "value": "91%"
    },
    "_width_": {
        "type": "string",
        "value": "100%"
    },
    "android": {
        "thickness": "1",
        "thumbImage": "slider_android.png"
    },
    "canUpdateUI": true,
    "containerweight": 100,
    "desktopweb": {
        "psp": {
            "orientation": "horizontal",
            "viewType": "default"
        }
    },
    "id": "Slider0a1d0fefb5b6d48",
    "ide_onSelection": "AS_Slider_b24ae4d085c540ef8a1d61c62302cfe6",
    "imgwt": 99,
    "info": null,
    "ipad": {
        "psp": {
            "enableThumbTintColor": true,
            "thumbTintColor": "ffffff00"
        },
        "thumbImage": "slider_ios7.png"
    },
    "iphone": {
        "psp": {
            "enableThumbTintColor": true,
            "thumbTintColor": "ffffff00"
        },
        "thumbImage": "aviary_seekbar_thumb_zero_pressed.png"
    },
    "isvisible": true,
    "kuid": "098739d7b1e24f9bb2a42a00cfd7898c",
    "leftskin": "sbc10a8312694bd58e43b75e7d491be3",
    "name": "kony.ui.Slider",
    "noofsteps": 9,
    "onselection": "AS_Slider_b24ae4d085c540ef8a1d61c62302cfe6",
    "osPlatform": "android",
    "osVersion": "iOS7",
    "parent": "frmBrightness",
    "pf": "frmBrightness",
    "rightskin": "s33a9222223b4cf186155a5209c8bc32",
    "selectedvalue": 9,
    "stepwidth": 120,
    "thumbimage": "aviary_seekbar_thumb_zero_pressed.png",
    "wType": "Slider",
    "widgetalignment": 5,
    "zindex": 1
}