{
    "AS_Button_633daba5060a49cdb3b15b5353c12e33": {
        "id": "AS_Button_633daba5060a49cdb3b15b5353c12e33",
        "type": "ACTION_SEQUENCE",
        "params": [{
            "datatype": "collection",
            "name": "eventobject"
        }],
        "contextObj": {
            "name": "Temp0307257dfea3144",
            "type": "templates",
            "platform": "",
            "KUID": "74e80efda92b40a8a9f80d4ea19b7f14"
        },
        "actions": [{
            "id": "ADD_SNIPPET__9f2d69cb21a3412f920c82cdd3502214",
            "type": "ADD_SNIPPET",
            "codeSnippet": "applyAdjustImage();",
            "parentId": null,
            "callbackType": null
        }]
    }
}