{
    "AS_Button_54c903cffce7404e885c9c8cb4b0b773": {
        "id": "AS_Button_54c903cffce7404e885c9c8cb4b0b773",
        "type": "ACTION_SEQUENCE",
        "params": [{
            "datatype": "collection",
            "name": "eventobject"
        }],
        "contextObj": {
            "name": "frmEditTool",
            "type": "templates",
            "KUID": "f997635e5241440faaf463677091ea95"
        },
        "language": "js",
        "actions": [{
            "id": "ADD_SNIPPET_ide_onClick_6e8e84317b214f4fba23101d380dc5d8",
            "type": "ADD_SNIPPET",
            "codeSnippet": "navigatetoTwoImages();",
            "callbackType": null
        }]
    }
}