{
    "AS_Button_122d7dfcd70c429faaad80898db2030d": {
        "id": "AS_Button_122d7dfcd70c429faaad80898db2030d",
        "type": "ACTION_SEQUENCE",
        "params": [{
            "datatype": "collection",
            "name": "eventobject"
        }, {
            "datatype": "string",
            "name": "x"
        }, {
            "datatype": "string",
            "name": "y"
        }],
        "contextObj": {
            "name": "frmtwoImagesIphone",
            "type": "forms",
            "platform": "",
            "KUID": "e3beb9c37ebd4665b17204fe78b784f2"
        },
        "actions": [{
            "id": "ADD_SNIPPET__ac4213f5200e4c8b83a1921d853faee8",
            "type": "ADD_SNIPPET",
            "codeSnippet": "applyCropImage();",
            "parentId": null,
            "callbackType": null
        }]
    }
}