{
    "AS_Button_8503a27521564ae5aeaf2c5e8d6c2db7": {
        "id": "AS_Button_8503a27521564ae5aeaf2c5e8d6c2db7",
        "type": "ACTION_SEQUENCE",
        "params": [{
            "datatype": "collection",
            "name": "eventobject"
        }],
        "contextObj": {
            "name": "frmblurIphone",
            "type": "forms",
            "KUID": "4d1a6ee5c62141bebcd59c65f399d1b7"
        },
        "language": "js",
        "actions": [{
            "id": "ADD_SNIPPET__4ace569d384046a8aa492abbe1c277e7",
            "type": "ADD_SNIPPET",
            "codeSnippet": "setBlurnessIphone(kony.filter.GAUSSIAN_BLUR)",
            "parentId": null,
            "callbackType": null
        }]
    }
}