{
    "AS_Button_8f8e31ef36264751a98f229f21d598df": {
        "id": "AS_Button_8f8e31ef36264751a98f229f21d598df",
        "type": "ACTION_SEQUENCE",
        "params": [{
            "datatype": "collection",
            "name": "eventobject"
        }],
        "contextObj": {
            "name": "frmEditTool",
            "type": "templates",
            "platform": "",
            "KUID": "f997635e5241440faaf463677091ea95"
        },
        "actions": [{
            "id": "ADD_SNIPPET__2a3b1ec538174b2e956cefef6f76b5c6",
            "type": "ADD_SNIPPET",
            "codeSnippet": "cropImage();",
            "parentId": null,
            "callbackType": null
        }]
    }
}