{
    "AS_Button_b6b08eeb05ba4567916043448ef2a72f": {
        "id": "AS_Button_b6b08eeb05ba4567916043448ef2a72f",
        "type": "ACTION_SEQUENCE",
        "params": [{
            "datatype": "collection",
            "name": "eventobject"
        }],
        "contextObj": {
            "name": "frmHome",
            "type": "forms",
            "KUID": "5d8e18160e3042f9b64d82a3dc179a49"
        },
        "language": "js",
        "actions": [{
            "id": "INVOKE_FUNCTION__ide_onClick_bd6ab95cf97f46cab3734cc89222b899",
            "type": "INVOKE_FUNCTION",
            "sequenceKUID": "openGallery",
            "display": "openGallery",
            "inputparams": [],
            "callbackType": null
        }]
    }
}