{
    "AS_Button_2c286f4c8f184a4a95f8f626dc90e0a6": {
        "id": "AS_Button_2c286f4c8f184a4a95f8f626dc90e0a6",
        "type": "ACTION_SEQUENCE",
        "params": [{
            "datatype": "collection",
            "name": "eventobject"
        }],
        "contextObj": {
            "name": "frmEditTool",
            "type": "templates",
            "KUID": "f997635e5241440faaf463677091ea95"
        },
        "language": "js",
        "actions": [{
            "id": "ADD_SNIPPET__28afa83cf59a478cba287cee899ec46d",
            "type": "ADD_SNIPPET",
            "codeSnippet": "cropImage();",
            "parentId": null,
            "callbackType": null
        }]
    }
}