{
    "AS_Button_c049ffc9cdd948a9bf79f28fb77e7650": {
        "id": "AS_Button_c049ffc9cdd948a9bf79f28fb77e7650",
        "type": "ACTION_SEQUENCE",
        "params": [{
            "datatype": "collection",
            "name": "eventobject"
        }],
        "contextObj": {
            "name": "Temp0307257dfea3144",
            "type": "templates",
            "platform": "",
            "KUID": "74e80efda92b40a8a9f80d4ea19b7f14"
        },
        "language": "js",
        "actions": [{
            "id": "ADD_SNIPPET__890916a0d75b45cc88b303851186b845",
            "type": "ADD_SNIPPET",
            "codeSnippet": "applyAdjustImage();",
            "parentId": null,
            "callbackType": null
        }]
    }
}