{
    "AS_Button_760babb830f3478da68c9264da25f007": {
        "id": "AS_Button_760babb830f3478da68c9264da25f007",
        "type": "ACTION_SEQUENCE",
        "params": [{
            "datatype": "collection",
            "name": "eventobject"
        }],
        "contextObj": {
            "name": "frmEditTool",
            "type": "templates",
            "KUID": "f997635e5241440faaf463677091ea95"
        },
        "language": "js",
        "actions": [{
            "id": "ADD_SNIPPET_ide_onClick_58bf30bfb010451696d024aaaaf94d85",
            "type": "ADD_SNIPPET",
            "codeSnippet": "navigatetoBlurness();",
            "callbackType": null
        }]
    }
}