{
    "AS_Button_5d38ee2d73964cd7ab752b50d23a4107": {
        "id": "AS_Button_5d38ee2d73964cd7ab752b50d23a4107",
        "type": "ACTION_SEQUENCE",
        "params": [{
            "datatype": "collection",
            "name": "eventobject"
        }],
        "contextObj": {
            "name": "frmOverlayiOS",
            "type": "forms",
            "platform": "",
            "KUID": "p2kwiet1379155974119"
        },
        "language": "js",
        "actions": [{
            "id": "ADD_SNIPPET_ide_onClick_6000f217214240f18a962b72a93ee8c9",
            "type": "ADD_SNIPPET",
            "codeSnippet": "camera_captureSource_Toggle();",
            "callbackType": null
        }]
    }
}