{
    "AS_Button_c3c0d9457d8a46a4b849f4947bdc3e81": {
        "id": "AS_Button_c3c0d9457d8a46a4b849f4947bdc3e81",
        "type": "ACTION_SEQUENCE",
        "params": [{
            "datatype": "collection",
            "name": "eventobject"
        }],
        "contextObj": {
            "name": "frmEditTool",
            "type": "templates",
            "platform": "",
            "KUID": "f997635e5241440faaf463677091ea95"
        },
        "actions": [{
            "id": "ADD_SNIPPET__e69553c4667041668d3439ee85b47dd6",
            "type": "ADD_SNIPPET",
            "codeSnippet": "navigatetoEffects();",
            "parentId": null,
            "callbackType": null
        }]
    }
}