{
    "AS_Button_cb77a3a08fc64f71a04b2058556a1de0": {
        "id": "AS_Button_cb77a3a08fc64f71a04b2058556a1de0",
        "type": "ACTION_SEQUENCE",
        "params": [{
            "datatype": "collection",
            "name": "eventobject"
        }],
        "contextObj": {
            "name": "frmHome",
            "type": "forms",
            "KUID": "5d8e18160e3042f9b64d82a3dc179a49"
        },
        "language": "js",
        "actions": [{
            "id": "INVOKE_FUNCTION___fafdc3dac2dc4a70a92574e9884b7d62",
            "type": "INVOKE_FUNCTION",
            "sequenceKUID": "openGallery",
            "display": "openGallery",
            "inputparams": [],
            "parentId": null,
            "callbackType": null
        }]
    }
}