{
    "AS_Button_cf865f8acf8e4917971ec8fc876ca8e5": {
        "id": "AS_Button_cf865f8acf8e4917971ec8fc876ca8e5",
        "type": "ACTION_SEQUENCE",
        "params": [{
            "datatype": "collection",
            "name": "eventobject"
        }],
        "contextObj": {
            "name": "frmOverlayiOS",
            "type": "forms",
            "platform": "",
            "KUID": "p2kwiet1379155974119"
        },
        "language": "js",
        "actions": [{
            "id": "ADD_SNIPPET__b12af3a6b4364f46a8cb6bcd6d478387",
            "type": "ADD_SNIPPET",
            "codeSnippet": "camera_captureSource_Toggle();",
            "parentId": null,
            "callbackType": null
        }]
    }
}