{
    "AS_Button_eba6815df3f74467b8d6be419eed8bc0": {
        "id": "AS_Button_eba6815df3f74467b8d6be419eed8bc0",
        "type": "ACTION_SEQUENCE",
        "params": [{
            "datatype": "collection",
            "name": "eventobject"
        }],
        "contextObj": {
            "name": "frmEditTool",
            "type": "templates",
            "KUID": "f997635e5241440faaf463677091ea95"
        },
        "language": "js",
        "actions": [{
            "id": "ADD_SNIPPET_ide_onClick_e93b2794556f44ce98eb57658387578e",
            "type": "ADD_SNIPPET",
            "codeSnippet": "navigatetoEffects();",
            "callbackType": null
        }]
    }
}