{
    "AS_Button_c207f69994e44c449d590b58710241f6": {
        "id": "AS_Button_c207f69994e44c449d590b58710241f6",
        "type": "ACTION_SEQUENCE",
        "params": [{
            "datatype": "collection",
            "name": "eventobject"
        }, {
            "datatype": "string",
            "name": "x"
        }, {
            "datatype": "string",
            "name": "y"
        }],
        "contextObj": {
            "name": "frmtwoImagesAndroid",
            "type": "forms",
            "platform": null,
            "KUID": "5ddb5177c1fe43dc9fc2154436448882"
        },
        "language": "js",
        "actions": [{
            "id": "ADD_SNIPPET__d54e1667d7a04e9f9d89eba7a5fe7dab",
            "type": "ADD_SNIPPET",
            "codeSnippet": "applyCropImage();",
            "parentId": null,
            "callbackType": null
        }]
    }
}