{
    "AS_Button_c7314dc5863b4fb2a9e2859d81a3fcf3": {
        "id": "AS_Button_c7314dc5863b4fb2a9e2859d81a3fcf3",
        "type": "ACTION_SEQUENCE",
        "params": [{
            "datatype": "collection",
            "name": "eventobject"
        }],
        "contextObj": {
            "name": "frmCroptemp",
            "type": "templates",
            "platform": "",
            "KUID": "667000dc7b35444caf95ef3347ea2228"
        },
        "actions": [{
            "id": "ADD_SNIPPET__fe3efa64e8f8451ca46a491f1b4c79c0",
            "type": "ADD_SNIPPET",
            "codeSnippet": "applyCropImage();",
            "parentId": null,
            "callbackType": null
        }]
    }
}