{
    "AS_Button_93687f4db26d4663b304bcfd3e9b7205": {
        "id": "AS_Button_93687f4db26d4663b304bcfd3e9b7205",
        "type": "ACTION_SEQUENCE",
        "params": [{
            "datatype": "collection",
            "name": "eventobject"
        }],
        "contextObj": {
            "name": "frmblurIphone",
            "type": "forms",
            "KUID": "4d1a6ee5c62141bebcd59c65f399d1b7"
        },
        "language": "js",
        "actions": [{
            "id": "ADD_SNIPPET__349aff91a6624d92b646fc7800466af6",
            "type": "ADD_SNIPPET",
            "codeSnippet": "setBlurnessIphone(kony.filter.MOTION_BLUR);",
            "parentId": null,
            "callbackType": null
        }]
    }
}