{
    "AS_Button_2b9d801a9c4c466397c1901282432c65": {
        "id": "AS_Button_2b9d801a9c4c466397c1901282432c65",
        "type": "ACTION_SEQUENCE",
        "params": [{
            "datatype": "collection",
            "name": "eventobject"
        }],
        "contextObj": {
            "name": "frmCroptemp",
            "type": "templates",
            "KUID": "667000dc7b35444caf95ef3347ea2228"
        },
        "language": "js",
        "actions": [{
            "id": "ADD_SNIPPET__c914e4e26eb9424086d3c39584576fd0",
            "type": "ADD_SNIPPET",
            "codeSnippet": "applyCropImage();",
            "parentId": null,
            "callbackType": null
        }]
    }
}