{
    "AS_Button_e4654a7321914ed48822d220cd74ca66": {
        "id": "AS_Button_e4654a7321914ed48822d220cd74ca66",
        "type": "ACTION_SEQUENCE",
        "params": [{
            "datatype": "collection",
            "name": "eventobject"
        }],
        "contextObj": {
            "name": "frmOverlay",
            "type": "forms",
            "platform": "",
            "KUID": "p2kwiet1379155974107"
        },
        "language": "js",
        "actions": [{
            "id": "ADD_SNIPPET_ide_onClick_6f8d4b49ebe8431bb48f45b085cc4b0d",
            "type": "ADD_SNIPPET",
            "codeSnippet": "frmOverlay.FrontCamera.takePicture();",
            "callbackType": null
        }]
    }
}