{
    "AS_Button_f6f588a0e63247fd87c48b27a882e391": {
        "id": "AS_Button_f6f588a0e63247fd87c48b27a882e391",
        "type": "ACTION_SEQUENCE",
        "params": [{
            "datatype": "collection",
            "name": "eventobject"
        }, {
            "datatype": "string",
            "name": "x"
        }, {
            "datatype": "string",
            "name": "y"
        }],
        "contextObj": {
            "name": "frmtwoImagesAndroid",
            "type": "forms",
            "platform": null,
            "KUID": "5ddb5177c1fe43dc9fc2154436448882"
        },
        "language": "js",
        "actions": [{
            "id": "ADD_SNIPPET_ide_onTouchEnd_3474578ee7a64c718aea4a487ed08c70",
            "type": "ADD_SNIPPET",
            "codeSnippet": "applyCropImage();",
            "callbackType": null
        }]
    }
}