{
    "AS_Button_37463d4f8cdb497b9d0d95c2c443f22f": {
        "id": "AS_Button_37463d4f8cdb497b9d0d95c2c443f22f",
        "type": "ACTION_SEQUENCE",
        "params": [{
            "datatype": "collection",
            "name": "eventobject"
        }],
        "contextObj": {
            "name": "frmHome",
            "type": "forms",
            "KUID": "5d8e18160e3042f9b64d82a3dc179a49"
        },
        "language": "js",
        "actions": [{
            "id": "INVOKE_FUNCTION__ide_onClick_efb57de254794caabf001c7afe183d71",
            "type": "INVOKE_FUNCTION",
            "sequenceKUID": "openGallery",
            "display": "openGallery",
            "inputparams": [],
            "callbackType": null
        }]
    }
}