{
    "AS_Camera_fd9b187d565b4691848fcb0578b1d220": {
        "id": "AS_Camera_fd9b187d565b4691848fcb0578b1d220",
        "type": "ACTION_SEQUENCE",
        "params": [{
            "datatype": "collection",
            "name": "eventobject"
        }],
        "contextObj": {
            "name": "frmHome",
            "type": "forms",
            "platform": "",
            "KUID": "5d8e18160e3042f9b64d82a3dc179a49"
        },
        "language": "js",
        "actions": [{
            "id": "ADD_SNIPPET__7e3723d9478e4dc58ab9f07de6ad530e",
            "type": "ADD_SNIPPET",
            "codeSnippet": "frmHome.show();",
            "parentId": null,
            "callbackType": null
        }]
    }
}