{
    "AS_Camera_3668edfbe24c42b885934ba426afc2d2": {
        "id": "AS_Camera_3668edfbe24c42b885934ba426afc2d2",
        "type": "ACTION_SEQUENCE",
        "params": [{
            "datatype": "collection",
            "name": "eventobject"
        }],
        "contextObj": {
            "name": "frmVideo",
            "type": "forms",
            "platform": "",
            "KUID": "p2kwiet126858492922507"
        },
        "language": "js",
        "actions": [{
            "id": "INVOKE_FUNCTION___b5b63feaf5094efaa8eefb4e276abab2",
            "type": "INVOKE_FUNCTION",
            "sequenceKUID": "openGalleryVideo",
            "display": "openGalleryVideo",
            "inputparams": [],
            "parentId": null,
            "callbackType": null
        }]
    }
}