{
    "AS_Camera_3056d278d67c478aaba9552d05907cc2": {
        "id": "AS_Camera_3056d278d67c478aaba9552d05907cc2",
        "type": "ACTION_SEQUENCE",
        "params": [{
            "datatype": "collection",
            "name": "eventobject"
        }],
        "contextObj": {
            "name": "frmHome",
            "type": "forms",
            "platform": "",
            "KUID": "5d8e18160e3042f9b64d82a3dc179a49"
        },
        "actions": [{
            "id": "INVOKE_FUNCTION___7f3dafefa03a466493e58ea359f0bcb3",
            "type": "INVOKE_FUNCTION",
            "sequenceKUID": "setCamerRawBytes",
            "display": "setCamerRawBytes",
            "inputparams": [{
                "name": "eventobject",
                "value": "eventobject\n"
            }],
            "parentId": null,
            "callbackType": null
        }]
    }
}