{
    "AS_Camera_fab272860370473cae887cfdc91c5f76": {
        "id": "AS_Camera_fab272860370473cae887cfdc91c5f76",
        "type": "ACTION_SEQUENCE",
        "params": [{
            "datatype": "collection",
            "name": "eventobject"
        }],
        "contextObj": {
            "name": "frmVideo",
            "type": "forms",
            "platform": "",
            "KUID": "p2kwiet126858492922507"
        },
        "language": "js",
        "actions": [{
            "id": "INVOKE_FUNCTION__ide_onCapture_081610a6f2484985b6ce919e29f0aaa2",
            "type": "INVOKE_FUNCTION",
            "sequenceKUID": "openGalleryVideo",
            "display": "openGalleryVideo",
            "inputparams": [],
            "callbackType": null
        }]
    }
}