{
    "AS_Camera_87178e6377be48ac91f7a557b2956be1": {
        "id": "AS_Camera_87178e6377be48ac91f7a557b2956be1",
        "type": "ACTION_SEQUENCE",
        "params": [{
            "datatype": "collection",
            "name": "eventobject"
        }],
        "contextObj": {
            "name": "frmHome",
            "type": "forms",
            "KUID": "5d8e18160e3042f9b64d82a3dc179a49"
        },
        "language": "js",
        "actions": [{
            "id": "INVOKE_FUNCTION__ide_onCapture_5d9dbf87011a48809c3a350b3f2d5646",
            "type": "INVOKE_FUNCTION",
            "sequenceKUID": "setCamerRawBytes",
            "display": "setCamerRawBytes",
            "inputparams": [{
                "name": "eventobject",
                "value": " eventobject"
            }],
            "callbackType": null
        }]
    }
}