{
    "AS_Camera_a168c40f35e348fcb5fed7b6bd8d65b4": {
        "id": "AS_Camera_a168c40f35e348fcb5fed7b6bd8d65b4",
        "type": "ACTION_SEQUENCE",
        "params": [{
            "datatype": "collection",
            "name": "eventobject"
        }],
        "contextObj": {
            "name": "frmHome",
            "type": "forms",
            "KUID": "5d8e18160e3042f9b64d82a3dc179a49"
        },
        "language": "js",
        "actions": [{
            "id": "INVOKE_FUNCTION__ide_onCapture_ea47717d2130425c81febef803b4052a",
            "type": "INVOKE_FUNCTION",
            "sequenceKUID": "setCamerRawBytes",
            "display": "setCamerRawBytes",
            "inputparams": [{
                "name": "eventobject",
                "value": " eventobject"
            }],
            "callbackType": null
        }]
    }
}