{
    "AS_Camera_b66a59d6e3a34d36b0d56850501d3551": {
        "id": "AS_Camera_b66a59d6e3a34d36b0d56850501d3551",
        "type": "ACTION_SEQUENCE",
        "params": [{
            "datatype": "collection",
            "name": "eventobject"
        }],
        "contextObj": {
            "name": "frmHome",
            "type": "forms",
            "KUID": "5d8e18160e3042f9b64d82a3dc179a49"
        },
        "language": "js",
        "actions": [{
            "id": "INVOKE_FUNCTION__ide_onCapture_c71f9291147f4fbebc2460c9bdfe395d",
            "type": "INVOKE_FUNCTION",
            "sequenceKUID": "setCamerRawBytes",
            "display": "setCamerRawBytes",
            "inputparams": [{
                "name": "eventobject",
                "value": " eventobject"
            }],
            "callbackType": null
        }]
    }
}