{
    "AS_CheckBoxGroup_03e382e612814db281ee01596b8b9670": {
        "id": "AS_CheckBoxGroup_03e382e612814db281ee01596b8b9670",
        "type": "ACTION_SEQUENCE",
        "params": [{
            "datatype": "collection",
            "name": "eventobject"
        }],
        "contextObj": {
            "name": "frmVideo",
            "type": "forms",
            "platform": "",
            "KUID": "p2kwiet126858492922507"
        },
        "language": "js",
        "actions": [{
            "id": "ADD_SNIPPET_ide_onSelection_b115757c2478479983a657b9c33523a7",
            "type": "ADD_SNIPPET",
            "codeSnippet": "setVideoStabilization();",
            "callbackType": null
        }]
    }
}