{
    "AS_Camera_5885d6edcda442ecb0226586d7900b0b": {
        "id": "AS_Camera_5885d6edcda442ecb0226586d7900b0b",
        "type": "ACTION_SEQUENCE",
        "params": [{
            "datatype": "collection",
            "name": "eventobject"
        }],
        "contextObj": {
            "name": "frmOverlay1",
            "type": "forms",
            "platform": "",
            "KUID": "p2kwiet1379155974113"
        },
        "actions": [{
            "id": "INVOKE_FUNCTION___2f7d4db35b574cbd80e7adaef9cbbca1",
            "type": "INVOKE_FUNCTION",
            "sequenceKUID": "setCamerRawBytes",
            "display": "setCamerRawBytes",
            "inputparams": [{
                "name": "eventobject"
            }],
            "parentId": null,
            "callbackType": null
        }]
    }
}