{
    "AS_CheckBoxGroup_a30e737118764d18ac53aaca4fb73218": {
        "id": "AS_CheckBoxGroup_a30e737118764d18ac53aaca4fb73218",
        "type": "ACTION_SEQUENCE",
        "params": [{
            "datatype": "collection",
            "name": "eventobject"
        }],
        "contextObj": {
            "name": "frmVideo",
            "type": "forms",
            "platform": "",
            "KUID": "p2kwiet126858492922507"
        },
        "language": "js",
        "actions": [{
            "id": "ADD_SNIPPET__d34ec1687e384981882737e00b540105",
            "type": "ADD_SNIPPET",
            "codeSnippet": "setVideoStabilization();",
            "parentId": null,
            "callbackType": null
        }]
    }
}