{
    "AS_Form_961bb0024bad4e0bac5b317a40b6dec2": {
        "id": "AS_Form_961bb0024bad4e0bac5b317a40b6dec2",
        "type": "ACTION_SEQUENCE",
        "contextObj": {
            "name": "frmOverlay1",
            "type": "forms",
            "platform": "",
            "KUID": "p2kwiet1379155974113"
        },
        "language": "js",
        "actions": [{
            "id": "ADD_SNIPPET__5527aa9694e042b2887e47daa8a3c426",
            "type": "ADD_SNIPPET",
            "codeSnippet": "setRearCamera();",
            "parentId": null,
            "callbackType": null
        }]
    }
}