{
    "AS_Form_e64fa807a552494ab64a0d028944c2ef": {
        "id": "AS_Form_e64fa807a552494ab64a0d028944c2ef",
        "type": "ACTION_SEQUENCE",
        "params": [{
            "datatype": "collection",
            "name": "eventobject"
        }],
        "contextObj": {
            "name": "frmCropPreview",
            "type": "forms",
            "KUID": "a331f79022e241d2bbcfe9dbb7fb979b"
        },
        "language": "js",
        "actions": [{
            "id": "ADD_SNIPPET_ide_onHide_98e7c84cf7d04f3eaba49bc167a13321",
            "type": "ADD_SNIPPET",
            "codeSnippet": "frmBrightness.destroy();",
            "callbackType": null
        }]
    }
}