{
    "AS_Form_ed4320f8c3874555a81d3e518fa439d2": {
        "id": "AS_Form_ed4320f8c3874555a81d3e518fa439d2",
        "type": "ACTION_SEQUENCE",
        "params": [{
            "datatype": "collection",
            "name": "eventobject"
        }],
        "contextObj": {
            "name": "frmVideo",
            "type": "forms",
            "platform": "",
            "KUID": "p2kwiet126858492922507"
        },
        "language": "js",
        "actions": [{
            "id": "ADD_SNIPPET__cec3eda26b634ac3916493f8262db944",
            "type": "ADD_SNIPPET",
            "codeSnippet": "frmVideo.destroy();",
            "parentId": null,
            "callbackType": null
        }]
    }
}