{
    "AS_Form_94f594e237b7486fb2ff94733ed96e8e": {
        "id": "AS_Form_94f594e237b7486fb2ff94733ed96e8e",
        "type": "ACTION_SEQUENCE",
        "params": [{
            "datatype": "collection",
            "name": "eventobject"
        }],
        "contextObj": {
            "name": "frmtwoImagesIphone",
            "type": "forms",
            "platform": "",
            "KUID": "e3beb9c37ebd4665b17204fe78b784f2"
        },
        "actions": [{
            "id": "ADD_SNIPPET__a09b249646c045e3999ebad416079110",
            "type": "ADD_SNIPPET",
            "codeSnippet": "frmtwoImagesIphone.destroy();",
            "parentId": null,
            "callbackType": null
        }]
    }
}