{
    "AS_Form_f66499c5e6ac45ddac95e39f5719894f": {
        "id": "AS_Form_f66499c5e6ac45ddac95e39f5719894f",
        "type": "ACTION_SEQUENCE",
        "params": [{
            "datatype": "collection",
            "name": "eventobject"
        }],
        "contextObj": {
            "name": "frmCropPreview",
            "type": "forms",
            "platform": "",
            "KUID": "a331f79022e241d2bbcfe9dbb7fb979b"
        },
        "actions": [{
            "id": "ADD_SNIPPET__a3a4ca2527b74302a07e3ecbc7ec6d25",
            "type": "ADD_SNIPPET",
            "codeSnippet": "frmCropPreview.destroy();",
            "parentId": null,
            "callbackType": null
        }]
    }
}