{
    "AS_Form_ebd741c1e5b64f4aafb511f0fcf057cd": {
        "id": "AS_Form_ebd741c1e5b64f4aafb511f0fcf057cd",
        "type": "ACTION_SEQUENCE",
        "params": [{
            "datatype": "collection",
            "name": "eventobject"
        }],
        "contextObj": {
            "name": "frmblurAndroid",
            "type": "forms",
            "platform": "",
            "KUID": "421e80eda23744eda8e843993a89ce4f"
        },
        "actions": [{
            "id": "ADD_SNIPPET__4e7b892404d54f7e897b63903909780e",
            "type": "ADD_SNIPPET",
            "codeSnippet": "frmblurAndroid.destroy();",
            "parentId": null,
            "callbackType": null
        }]
    }
}