{
    "AS_Form_b6830240c51945968d1fd15649e614ca": {
        "id": "AS_Form_b6830240c51945968d1fd15649e614ca",
        "type": "ACTION_SEQUENCE",
        "contextObj": {
            "name": "frmHome",
            "type": "forms",
            "platform": "",
            "KUID": "5d8e18160e3042f9b64d82a3dc179a49"
        },
        "language": "js",
        "actions": [{
            "id": "ADD_SNIPPET__f84c502ebf884e7a8e47fd07553169f0",
            "type": "ADD_SNIPPET",
            "codeSnippet": "\nfrmHome.Camera0b80625cf993243.focusMode = constants.CAMERA_FOCUS_MODE_AUTO;\n",
            "parentId": null,
            "callbackType": null
        }]
    }
}