{
    "AS_Form_eb948eb3498e43ea96463073846f4029": {
        "id": "AS_Form_eb948eb3498e43ea96463073846f4029",
        "type": "ACTION_SEQUENCE",
        "params": [{
            "datatype": "collection",
            "name": "eventobject"
        }],
        "contextObj": {
            "name": "frmOverlay1",
            "type": "forms",
            "platform": "",
            "KUID": "p2kwiet1379155974113"
        },
        "actions": [{
            "id": "ADD_SNIPPET__55c8fc62d7384cf8b974fce29e87489a",
            "type": "ADD_SNIPPET",
            "codeSnippet": "setRearCamera();",
            "parentId": null,
            "callbackType": null
        }]
    }
}