{
    "AS_Form_13f93673ef274eab871e6a14ec25e45a": {
        "id": "AS_Form_13f93673ef274eab871e6a14ec25e45a",
        "type": "ACTION_SEQUENCE",
        "params": [{
            "datatype": "collection",
            "name": "eventobject"
        }],
        "contextObj": {
            "name": "frmBrightnessIPhone",
            "type": "forms",
            "platform": "",
            "KUID": "3c5fc5efab8e4a589589899a788b3149"
        },
        "actions": [{
            "id": "ADD_SNIPPET__feeef2a8cd66403a98fd9dee7883819b",
            "type": "ADD_SNIPPET",
            "codeSnippet": "frmBrightnessIPhone.destroy();\ncolorstaus=undefined;",
            "parentId": null,
            "callbackType": null
        }]
    }
}