{
    "AS_Form_bd04d313bb2145ae8ad629e680e380cd": {
        "id": "AS_Form_bd04d313bb2145ae8ad629e680e380cd",
        "type": "ACTION_SEQUENCE",
        "params": [{
            "datatype": "collection",
            "name": "eventobject"
        }],
        "contextObj": {
            "name": "frmeffectsIphone",
            "type": "forms",
            "platform": "",
            "KUID": "630024e0723548dd80bfc4c058603377"
        },
        "actions": [{
            "id": "ADD_SNIPPET__1ee0e33e906345bfacb29a3a2ea2ddeb",
            "type": "ADD_SNIPPET",
            "codeSnippet": "\nfilter2.clearFilterData();\nfilter3.clearFilterData();\nfilter4.clearFilterData();\nfilter5.clearFilterData();\nfilter6.clearFilterData();\nfrmeffectsIphone.destroy();",
            "parentId": null,
            "callbackType": null
        }]
    }
}