{
    "AS_Form_2782effcfe0a4f4d8605dab36e1ba7a6": {
        "id": "AS_Form_2782effcfe0a4f4d8605dab36e1ba7a6",
        "type": "ACTION_SEQUENCE",
        "params": [{
            "datatype": "collection",
            "name": "eventobject"
        }],
        "contextObj": {
            "name": "frmHome",
            "type": "forms",
            "platform": "",
            "KUID": "5d8e18160e3042f9b64d82a3dc179a49"
        },
        "actions": [{
            "id": "ADD_SNIPPET__5eb05fdba44746f2b2debde577edd4a0",
            "type": "ADD_SNIPPET",
            "codeSnippet": "\nfrmHome.Camera0b80625cf993243.focusMode = constants.CAMERA_FOCUS_MODE_AUTO;\n",
            "parentId": null,
            "callbackType": null
        }]
    }
}