{
    "AS_Form_d26c08b330634f02b11a4bb4ac79eb38": {
        "id": "AS_Form_d26c08b330634f02b11a4bb4ac79eb38",
        "type": "ACTION_SEQUENCE",
        "params": [{
            "datatype": "collection",
            "name": "eventobject"
        }],
        "contextObj": {
            "name": "frmBrightness",
            "type": "forms",
            "platform": "",
            "KUID": "8986432cf61542a8a0c6ffec10621353"
        },
        "actions": [{
            "id": "ADD_SNIPPET__203b642bd05a4038887a8d4971f8e5e0",
            "type": "ADD_SNIPPET",
            "codeSnippet": "frmBrightness.destroy();",
            "parentId": null,
            "callbackType": null
        }]
    }
}