{
    "AS_Form_2440a505f3074cb2aace824a08f438a9": {
        "id": "AS_Form_2440a505f3074cb2aace824a08f438a9",
        "type": "ACTION_SEQUENCE",
        "params": [{
            "datatype": "collection",
            "name": "eventobject"
        }],
        "contextObj": {
            "name": "frmCropPreview",
            "type": "forms",
            "KUID": "a331f79022e241d2bbcfe9dbb7fb979b"
        },
        "language": "js",
        "actions": [{
            "id": "ADD_SNIPPET_ide_onHide_4fe4b7f36f2d4bcd90d788936238676a",
            "type": "ADD_SNIPPET",
            "codeSnippet": "filter7.clearFilterData();\nfilter8.clearFilterData();\nfilter9.clearFilterData();\nfrmblurIphone.destroy();",
            "callbackType": null
        }]
    }
}