{
    "AS_Form_c4f2b02f65bc4e9cac1a9e8f800ea6f7": {
        "id": "AS_Form_c4f2b02f65bc4e9cac1a9e8f800ea6f7",
        "type": "ACTION_SEQUENCE",
        "params": [{
            "datatype": "collection",
            "name": "eventobject"
        }],
        "contextObj": {
            "name": "frmOverlay",
            "type": "forms",
            "platform": "",
            "KUID": "p2kwiet1379155974107"
        },
        "actions": [{
            "id": "ADD_SNIPPET__39799d9893594d87a634580770e4f572",
            "type": "ADD_SNIPPET",
            "codeSnippet": "frmOverlay.FrontCamera.cameraOptions={hideControlBar:true};\nfrmOverlay1.RearCamera.cameraOptions={hideControlBar:true};",
            "parentId": null,
            "callbackType": null
        }]
    }
}