{
    "AS_Form_d0bf141da6d6431da4e66b5a69e2604d": {
        "id": "AS_Form_d0bf141da6d6431da4e66b5a69e2604d",
        "type": "ACTION_SEQUENCE",
        "params": [{
            "datatype": "collection",
            "name": "eventobject"
        }],
        "contextObj": {
            "name": "frmCropPreview",
            "type": "forms",
            "KUID": "a331f79022e241d2bbcfe9dbb7fb979b"
        },
        "language": "js",
        "actions": [{
            "id": "ADD_SNIPPET_ide_onHide_34f06206f265431bb66f0eb7a129cbb9",
            "type": "ADD_SNIPPET",
            "codeSnippet": "frmBrightnessIPhone.destroy();\ncolorstaus=undefined;",
            "callbackType": null
        }]
    }
}