{
    "AS_Form_8f5629887abb4a96a8454a82f8ca5a46": {
        "id": "AS_Form_8f5629887abb4a96a8454a82f8ca5a46",
        "type": "ACTION_SEQUENCE",
        "params": [{
            "datatype": "collection",
            "name": "eventobject"
        }],
        "contextObj": {
            "name": "frmblurIphone",
            "type": "forms",
            "platform": "",
            "KUID": "4d1a6ee5c62141bebcd59c65f399d1b7"
        },
        "actions": [{
            "id": "ADD_SNIPPET__2a4cce431c4b4c1fb86771ca147a6991",
            "type": "ADD_SNIPPET",
            "codeSnippet": "filter7.clearFilterData();\nfilter8.clearFilterData();\nfilter9.clearFilterData();\nfrmblurIphone.destroy();",
            "parentId": null,
            "callbackType": null
        }]
    }
}