{
    "AS_Form_09ca349dc29c4070a6c661de19f9f244": {
        "id": "AS_Form_09ca349dc29c4070a6c661de19f9f244",
        "type": "ACTION_SEQUENCE",
        "params": [{
            "datatype": "collection",
            "name": "eventobject"
        }],
        "contextObj": {
            "name": "frmtwoImagesIphone",
            "type": "forms",
            "platform": "",
            "KUID": "e3beb9c37ebd4665b17204fe78b784f2"
        },
        "language": "js",
        "actions": [{
            "id": "ADD_SNIPPET__b515d4b69a364a35af2e3240875c2426",
            "type": "ADD_SNIPPET",
            "codeSnippet": "frmtwoImagesIphone.destroy();",
            "parentId": null,
            "callbackType": null
        }]
    }
}