{
    "AS_Form_192e837e098440399143415a9fbe25bb": {
        "id": "AS_Form_192e837e098440399143415a9fbe25bb",
        "type": "ACTION_SEQUENCE",
        "contextObj": {
            "name": "frm2",
            "type": "forms",
            "platform": "",
            "KUID": "fa3bbd4f53184d168a1f9b2a0c208176"
        },
        "language": "js",
        "actions": [{
            "id": "ADD_SNIPPET__6bde5463202c479cae4c919487c4db4b",
            "type": "ADD_SNIPPET",
            "codeSnippet": "",
            "parentId": null,
            "callbackType": null
        }]
    }
}