{
    "AS_Image_1eb54588668d4bddb00f87b2b93af350": {
        "id": "AS_Image_1eb54588668d4bddb00f87b2b93af350",
        "type": "ACTION_SEQUENCE",
        "params": [{
            "datatype": "collection",
            "name": "eventobject"
        }, {
            "datatype": "string",
            "name": "x"
        }, {
            "datatype": "string",
            "name": "y"
        }],
        "contextObj": {
            "name": "frmtwoImagesAndroid",
            "type": "forms",
            "platform": null,
            "KUID": "5ddb5177c1fe43dc9fc2154436448882"
        },
        "language": "js",
        "actions": [{
            "id": "ADD_SNIPPET_ide_onTouchEnd_7d5493c1f8d84485be926d0fdef5f8a9",
            "type": "ADD_SNIPPET",
            "codeSnippet": "setCompositionEditor(kony.filter.SOURCE_ATOP_COMPOSITING);",
            "callbackType": null
        }]
    }
}