{
    "AS_Image_4a229516ddc84e37bc5dfad0daab8b83": {
        "id": "AS_Image_4a229516ddc84e37bc5dfad0daab8b83",
        "type": "ACTION_SEQUENCE",
        "params": [{
            "datatype": "collection",
            "name": "eventobject"
        }, {
            "datatype": "string",
            "name": "x"
        }, {
            "datatype": "string",
            "name": "y"
        }],
        "contextObj": {
            "name": "frmblurAndroid",
            "type": "forms",
            "KUID": "421e80eda23744eda8e843993a89ce4f"
        },
        "language": "js",
        "actions": []
    }
}