{
    "AS_Image_3747dfc2285a457ba189dff5c4f2a370": {
        "id": "AS_Image_3747dfc2285a457ba189dff5c4f2a370",
        "type": "ACTION_SEQUENCE",
        "params": [{
            "datatype": "collection",
            "name": "eventobject"
        }, {
            "datatype": "string",
            "name": "x"
        }, {
            "datatype": "string",
            "name": "y"
        }],
        "contextObj": {
            "name": "frmCroptemp",
            "type": "templates",
            "platform": "",
            "KUID": "667000dc7b35444caf95ef3347ea2228"
        },
        "actions": [{
            "id": "ADD_SNIPPET__9669046d21194cefa8af17559b3b068a",
            "type": "ADD_SNIPPET",
            "codeSnippet": "frm2.show();",
            "parentId": null,
            "callbackType": null
        }]
    }
}