{
    "AS_Image_b7b032b804ad4b4886908689b8b5f66a": {
        "id": "AS_Image_b7b032b804ad4b4886908689b8b5f66a",
        "type": "ACTION_SEQUENCE",
        "params": [{
            "datatype": "collection",
            "name": "eventobject"
        }, {
            "datatype": "string",
            "name": "x"
        }, {
            "datatype": "string",
            "name": "y"
        }],
        "contextObj": {
            "name": "frmBrightnessIPhone",
            "type": "forms",
            "platform": "",
            "KUID": "3c5fc5efab8e4a589589899a788b3149"
        },
        "language": "js",
        "actions": [{
            "id": "ADD_SNIPPET__2a69301f0fc140c798dc9e8ac755ae80",
            "type": "ADD_SNIPPET",
            "codeSnippet": "colorstaus=\"hue\";\nfinalImageObject = finalImageObject1;\nsetHueFuncIphone();",
            "parentId": null,
            "callbackType": null
        }]
    }
}