{
    "AS_Image_10899d4a04b14dfbbe0b403260b9f7d8": {
        "id": "AS_Image_10899d4a04b14dfbbe0b403260b9f7d8",
        "type": "ACTION_SEQUENCE",
        "params": [{
            "datatype": "collection",
            "name": "eventobject"
        }, {
            "datatype": "string",
            "name": "x"
        }, {
            "datatype": "string",
            "name": "y"
        }],
        "contextObj": {
            "name": "frmeffectsIphone",
            "type": "forms",
            "platform": "",
            "KUID": "630024e0723548dd80bfc4c058603377"
        },
        "actions": [{
            "id": "ADD_SNIPPET__e49ee1f717ec499e82d9e9e88b53209c",
            "type": "ADD_SNIPPET",
            "codeSnippet": "applyFilterttoImageIphone(filter1);",
            "parentId": null,
            "callbackType": null
        }]
    }
}