{
    "AS_Image_463bbe221f6b4a979cebbb6e462e74f0": {
        "id": "AS_Image_463bbe221f6b4a979cebbb6e462e74f0",
        "type": "ACTION_SEQUENCE",
        "params": [{
            "datatype": "collection",
            "name": "eventobject"
        }, {
            "datatype": "string",
            "name": "x"
        }, {
            "datatype": "string",
            "name": "y"
        }],
        "contextObj": {
            "name": "frmblurIphone",
            "type": "forms",
            "platform": "",
            "KUID": "4d1a6ee5c62141bebcd59c65f399d1b7"
        },
        "language": "js",
        "actions": [{
            "id": "ADD_SNIPPET__45478221755d413da26b4eabd42875dd",
            "type": "ADD_SNIPPET",
            "codeSnippet": "applyBulrImageIphone(filter9);",
            "parentId": null,
            "callbackType": null
        }]
    }
}