{
    "AS_Image_2ba1d1893b37476a87b18bec99a3774c": {
        "id": "AS_Image_2ba1d1893b37476a87b18bec99a3774c",
        "type": "ACTION_SEQUENCE",
        "params": [{
            "datatype": "collection",
            "name": "eventobject"
        }, {
            "datatype": "string",
            "name": "x"
        }, {
            "datatype": "string",
            "name": "y"
        }],
        "contextObj": {
            "name": "frmBrightnessIPhone",
            "type": "forms",
            "platform": "",
            "KUID": "3c5fc5efab8e4a589589899a788b3149"
        },
        "actions": [{
            "id": "ADD_SNIPPET__f4b10b5b41a14fdeb435ac548df0021f",
            "type": "ADD_SNIPPET",
            "codeSnippet": "colorstaus=\"brightness\";\nfinalImageObject = finalImageObject1;\nsetBrightnessFuncIphone();\n",
            "parentId": null,
            "callbackType": null
        }]
    }
}