{
    "AS_Image_64bf8d8c963b4e118458e7b0f5849d06": {
        "id": "AS_Image_64bf8d8c963b4e118458e7b0f5849d06",
        "type": "ACTION_SEQUENCE",
        "params": [{
            "datatype": "collection",
            "name": "eventobject"
        }, {
            "datatype": "string",
            "name": "x"
        }, {
            "datatype": "string",
            "name": "y"
        }],
        "contextObj": {
            "name": "frmtwoImagesAndroid",
            "type": "forms",
            "platform": null,
            "KUID": "5ddb5177c1fe43dc9fc2154436448882"
        },
        "language": "js",
        "actions": [{
            "id": "ADD_SNIPPET__d318955f83b74dccbd5524ac0f2c7a30",
            "type": "ADD_SNIPPET",
            "codeSnippet": "setCompositionEditor(kony.filter.DARKEN_COMPOSITING);",
            "parentId": null,
            "callbackType": null
        }]
    }
}