{
    "AS_Image_e958b67a572b4d3da9403d82e636f5fd": {
        "id": "AS_Image_e958b67a572b4d3da9403d82e636f5fd",
        "type": "ACTION_SEQUENCE",
        "params": [{
            "datatype": "collection",
            "name": "eventobject"
        }, {
            "datatype": "string",
            "name": "x"
        }, {
            "datatype": "string",
            "name": "y"
        }],
        "contextObj": {
            "name": "frmeffectsAndroid",
            "type": "forms",
            "KUID": "9e9953a764914e0bb21860153a53bf1d"
        },
        "language": "js",
        "actions": [{
            "id": "ADD_SNIPPET_ide_onTouchEnd_9d5a6831cda44097864ea079d56e2b54",
            "type": "ADD_SNIPPET",
            "codeSnippet": "applyFilterttoImageIphone(filter3);",
            "callbackType": null
        }]
    }
}