{
    "AS_Image_71f79d4613d3481a9b8fef4e2c23e81c": {
        "id": "AS_Image_71f79d4613d3481a9b8fef4e2c23e81c",
        "type": "ACTION_SEQUENCE",
        "params": [{
            "datatype": "collection",
            "name": "eventobject"
        }, {
            "datatype": "string",
            "name": "x"
        }, {
            "datatype": "string",
            "name": "y"
        }],
        "contextObj": {
            "name": "frmblurIphone",
            "type": "forms",
            "platform": "",
            "KUID": "4d1a6ee5c62141bebcd59c65f399d1b7"
        },
        "actions": [{
            "id": "ADD_SNIPPET__c3723526e379466f9358cf63418ecd59",
            "type": "ADD_SNIPPET",
            "codeSnippet": "applyBulrImageIphone(filter8);",
            "parentId": null,
            "callbackType": null
        }]
    }
}