{
    "AS_Image_496a6ddf7af64c7996b1af8d6454b74c": {
        "id": "AS_Image_496a6ddf7af64c7996b1af8d6454b74c",
        "type": "ACTION_SEQUENCE",
        "params": [{
            "datatype": "collection",
            "name": "eventobject"
        }, {
            "datatype": "string",
            "name": "x"
        }, {
            "datatype": "string",
            "name": "y"
        }],
        "contextObj": {
            "name": "frmblurIphone",
            "type": "forms",
            "KUID": "4d1a6ee5c62141bebcd59c65f399d1b7"
        },
        "language": "js",
        "actions": [{
            "id": "ADD_SNIPPET__90b29941af2c4aa4ad81cb601a98bd2e",
            "type": "ADD_SNIPPET",
            "codeSnippet": "setBlurness(10);",
            "parentId": null,
            "callbackType": null
        }]
    }
}