{
    "AS_Image_2f3af51fd458400bbff7d54215ff0ebd": {
        "id": "AS_Image_2f3af51fd458400bbff7d54215ff0ebd",
        "type": "ACTION_SEQUENCE",
        "params": [{
            "datatype": "collection",
            "name": "eventobject"
        }, {
            "datatype": "string",
            "name": "x"
        }, {
            "datatype": "string",
            "name": "y"
        }],
        "contextObj": {
            "name": "frmtwoImagesAndroid",
            "type": "forms",
            "platform": null,
            "KUID": "5ddb5177c1fe43dc9fc2154436448882"
        },
        "language": "js",
        "actions": [{
            "id": "ADD_SNIPPET_ide_onTouchEnd_1cbd6a8c733e44219f128c1c1d1e7253",
            "type": "ADD_SNIPPET",
            "codeSnippet": "setCompositionEditor(kony.filter.XOR_COMPOSITING);",
            "callbackType": null
        }]
    }
}