{
    "AS_Image_2eb8fd3f45c1419db70367bd1c7e7b46": {
        "id": "AS_Image_2eb8fd3f45c1419db70367bd1c7e7b46",
        "type": "ACTION_SEQUENCE",
        "params": [{
            "datatype": "collection",
            "name": "eventobject"
        }, {
            "datatype": "string",
            "name": "x"
        }, {
            "datatype": "string",
            "name": "y"
        }],
        "contextObj": {
            "name": "frmeffectsAndroid",
            "type": "forms",
            "KUID": "9e9953a764914e0bb21860153a53bf1d"
        },
        "language": "js",
        "actions": [{
            "id": "ADD_SNIPPET_ide_onTouchEnd_9ef810bc4a734dbea9d31f563974aec8",
            "type": "ADD_SNIPPET",
            "codeSnippet": "applyFilterttoImageIphone(filter4);",
            "callbackType": null
        }]
    }
}