{
    "AS_Image_0a95e97f4ff0481b9781b0eb17a7706c": {
        "id": "AS_Image_0a95e97f4ff0481b9781b0eb17a7706c",
        "type": "ACTION_SEQUENCE",
        "params": [{
            "datatype": "collection",
            "name": "eventobject"
        }, {
            "datatype": "string",
            "name": "x"
        }, {
            "datatype": "string",
            "name": "y"
        }],
        "contextObj": {
            "name": "frmblurAndroid",
            "type": "forms",
            "KUID": "421e80eda23744eda8e843993a89ce4f"
        },
        "language": "js",
        "actions": [{
            "id": "ADD_SNIPPET__cc3119309e0d438fbd3f906e56da5fb0",
            "type": "ADD_SNIPPET",
            "codeSnippet": "setBlurness(30);",
            "parentId": null,
            "callbackType": null
        }]
    }
}