{
    "AS_Image_7892da4201d84f00abc08e4de3dc62bd": {
        "id": "AS_Image_7892da4201d84f00abc08e4de3dc62bd",
        "type": "ACTION_SEQUENCE",
        "params": [{
            "datatype": "collection",
            "name": "eventobject"
        }, {
            "datatype": "string",
            "name": "x"
        }, {
            "datatype": "string",
            "name": "y"
        }],
        "contextObj": {
            "name": "frmeffectsIphone",
            "type": "forms",
            "platform": "",
            "KUID": "630024e0723548dd80bfc4c058603377"
        },
        "actions": [{
            "id": "ADD_SNIPPET__df843965ac7c46ad8c9a1504aa763a6d",
            "type": "ADD_SNIPPET",
            "codeSnippet": "applyFilterttoImageIphone(filter3);",
            "parentId": null,
            "callbackType": null
        }]
    }
}