{
    "AS_Image_3f7dbf7c77c54bee834780a632e44af8": {
        "id": "AS_Image_3f7dbf7c77c54bee834780a632e44af8",
        "type": "ACTION_SEQUENCE",
        "params": [{
            "datatype": "collection",
            "name": "eventobject"
        }, {
            "datatype": "string",
            "name": "x"
        }, {
            "datatype": "string",
            "name": "y"
        }],
        "contextObj": {
            "name": "frmeffectsIphone",
            "type": "forms",
            "platform": "",
            "KUID": "630024e0723548dd80bfc4c058603377"
        },
        "actions": [{
            "id": "ADD_SNIPPET__ba3736fca6ae43188cec3b7eb0861b60",
            "type": "ADD_SNIPPET",
            "codeSnippet": "applyFilterttoImageIphone(filter2);",
            "parentId": null,
            "callbackType": null
        }]
    }
}