{
    "AS_Image_6ba20191bcbb4e21b54079c8b8aa6e7b": {
        "id": "AS_Image_6ba20191bcbb4e21b54079c8b8aa6e7b",
        "type": "ACTION_SEQUENCE",
        "params": [{
            "datatype": "collection",
            "name": "eventobject"
        }, {
            "datatype": "string",
            "name": "x"
        }, {
            "datatype": "string",
            "name": "y"
        }],
        "contextObj": {
            "name": "frmeffectsIphone",
            "type": "forms",
            "platform": "",
            "KUID": "630024e0723548dd80bfc4c058603377"
        },
        "actions": [{
            "id": "ADD_SNIPPET__742649279f114c17bc7d7089426a447b",
            "type": "ADD_SNIPPET",
            "codeSnippet": "applyFilterttoImageIphone(filter4);",
            "parentId": null,
            "callbackType": null
        }]
    }
}