{
    "AS_Image_09077f2c96964a6982f51397fef90edf": {
        "id": "AS_Image_09077f2c96964a6982f51397fef90edf",
        "type": "ACTION_SEQUENCE",
        "params": [{
            "datatype": "collection",
            "name": "eventobject"
        }, {
            "datatype": "string",
            "name": "x"
        }, {
            "datatype": "string",
            "name": "y"
        }],
        "contextObj": {
            "name": "frmtwoImagesAndroid",
            "type": "forms",
            "platform": null,
            "KUID": "5ddb5177c1fe43dc9fc2154436448882"
        },
        "language": "js",
        "actions": [{
            "id": "ADD_SNIPPET__ee07212eff0e4dafa847e92ad1053d40",
            "type": "ADD_SNIPPET",
            "codeSnippet": "setCompositionEditor(kony.filter.CLEAR_COMPOSITING);",
            "parentId": null,
            "callbackType": null
        }]
    }
}