{
    "AS_Image_15fb3815283b47b69f76ee27a63e6efa": {
        "id": "AS_Image_15fb3815283b47b69f76ee27a63e6efa",
        "type": "ACTION_SEQUENCE",
        "params": [{
            "datatype": "collection",
            "name": "eventobject"
        }, {
            "datatype": "string",
            "name": "x"
        }, {
            "datatype": "string",
            "name": "y"
        }],
        "contextObj": {
            "name": "frmBrightnessIPhone",
            "type": "forms",
            "platform": "",
            "KUID": "3c5fc5efab8e4a589589899a788b3149"
        },
        "language": "js",
        "actions": [{
            "id": "ADD_SNIPPET__ecf5651c59024868ae47ef2171245e43",
            "type": "ADD_SNIPPET",
            "codeSnippet": "colorstaus=\"brightness\";\nfinalImageObject = finalImageObject1;\nsetBrightnessFuncIphone();\n",
            "parentId": null,
            "callbackType": null
        }]
    }
}