{
    "AS_Image_53ac80c297f24ab0b743680d406f63a8": {
        "id": "AS_Image_53ac80c297f24ab0b743680d406f63a8",
        "type": "ACTION_SEQUENCE",
        "params": [{
            "datatype": "collection",
            "name": "eventobject"
        }, {
            "datatype": "string",
            "name": "x"
        }, {
            "datatype": "string",
            "name": "y"
        }],
        "contextObj": {
            "name": "frmBrightnessIPhone",
            "type": "forms",
            "platform": "",
            "KUID": "3c5fc5efab8e4a589589899a788b3149"
        },
        "language": "js",
        "actions": [{
            "id": "ADD_SNIPPET__5a8d90f4ac42453babdeadd274848615",
            "type": "ADD_SNIPPET",
            "codeSnippet": "colorstaus=\"contrast\";\nfinalImageObject = finalImageObject1;\nsetContrastFuncIphone();",
            "parentId": null,
            "callbackType": null
        }]
    }
}