{
    "AS_Image_cb73bd6900744a55a59b697e696b7462": {
        "id": "AS_Image_cb73bd6900744a55a59b697e696b7462",
        "type": "ACTION_SEQUENCE",
        "params": [{
            "datatype": "collection",
            "name": "eventobject"
        }, {
            "datatype": "string",
            "name": "x"
        }, {
            "datatype": "string",
            "name": "y"
        }],
        "contextObj": {
            "name": "frmPreview",
            "type": "templates",
            "platform": "",
            "KUID": "3e45cb5c6e78480c83acc618cc31aabc"
        },
        "actions": [{
            "id": "ADD_SNIPPET__f944e48ab726414084109a52b6b2f564",
            "type": "ADD_SNIPPET",
            "codeSnippet": "frmHome.show();",
            "parentId": null,
            "callbackType": null
        }]
    }
}