{
    "AS_Image_637de2d5bb894485aadf74302055c8d5": {
        "id": "AS_Image_637de2d5bb894485aadf74302055c8d5",
        "type": "ACTION_SEQUENCE",
        "params": [{
            "datatype": "collection",
            "name": "eventobject"
        }, {
            "datatype": "string",
            "name": "x"
        }, {
            "datatype": "string",
            "name": "y"
        }],
        "contextObj": {
            "name": "frmblurAndroid",
            "type": "forms",
            "KUID": "421e80eda23744eda8e843993a89ce4f"
        },
        "language": "js",
        "actions": [{
            "id": "ADD_SNIPPET__f9c84429c3ce4acabc646512c74466dc",
            "type": "ADD_SNIPPET",
            "codeSnippet": "setBlurness(15);",
            "parentId": null,
            "callbackType": null
        }]
    }
}