{
    "AS_Image_4d07e99af73d4d9dabd3068507f7e911": {
        "id": "AS_Image_4d07e99af73d4d9dabd3068507f7e911",
        "type": "ACTION_SEQUENCE",
        "params": [{
            "datatype": "collection",
            "name": "eventobject"
        }, {
            "datatype": "string",
            "name": "x"
        }, {
            "datatype": "string",
            "name": "y"
        }],
        "contextObj": {
            "name": "frmBrightnessIPhone",
            "type": "forms",
            "platform": "",
            "KUID": "3c5fc5efab8e4a589589899a788b3149"
        },
        "language": "js",
        "actions": [{
            "id": "ADD_SNIPPET__90148e8a4aa94d208701170acf409979",
            "type": "ADD_SNIPPET",
            "codeSnippet": "colorstaus=\"simulation\";\nfinalImageObject = finalImageObject1;\nsetSaturationFuncIphone();",
            "parentId": null,
            "callbackType": null
        }]
    }
}