{
    "AS_Image_dfae1ea295a84657bfc0ae665aff4c18": {
        "id": "AS_Image_dfae1ea295a84657bfc0ae665aff4c18",
        "type": "ACTION_SEQUENCE",
        "params": [{
            "datatype": "collection",
            "name": "eventobject"
        }, {
            "datatype": "string",
            "name": "x"
        }, {
            "datatype": "string",
            "name": "y"
        }],
        "contextObj": {
            "name": "frmblurAndroid",
            "type": "forms",
            "KUID": "421e80eda23744eda8e843993a89ce4f"
        },
        "language": "js",
        "actions": []
    }
}