{
    "AS_Image_c2411dc2993242dd9ce378dc8887c153": {
        "id": "AS_Image_c2411dc2993242dd9ce378dc8887c153",
        "type": "ACTION_SEQUENCE",
        "params": [{
            "datatype": "collection",
            "name": "eventobject"
        }, {
            "datatype": "string",
            "name": "x"
        }, {
            "datatype": "string",
            "name": "y"
        }],
        "contextObj": {
            "name": "frmCroptemp",
            "type": "templates",
            "platform": "",
            "KUID": "667000dc7b35444caf95ef3347ea2228"
        },
        "language": "js",
        "actions": [{
            "id": "ADD_SNIPPET__ee976c02cb47447fadb08e805a765034",
            "type": "ADD_SNIPPET",
            "codeSnippet": "frm2.show();",
            "parentId": null,
            "callbackType": null
        }]
    }
}