{
    "AS_Image_86e62977867642f3b10edbdd85b5c5c0": {
        "id": "AS_Image_86e62977867642f3b10edbdd85b5c5c0",
        "type": "ACTION_SEQUENCE",
        "params": [{
            "datatype": "collection",
            "name": "eventobject"
        }, {
            "datatype": "string",
            "name": "x"
        }, {
            "datatype": "string",
            "name": "y"
        }],
        "contextObj": {
            "name": "frmPreview",
            "type": "templates",
            "platform": "",
            "KUID": "3e45cb5c6e78480c83acc618cc31aabc"
        },
        "language": "js",
        "actions": [{
            "id": "ADD_SNIPPET__8a6fef6ee487441e932826e447423246",
            "type": "ADD_SNIPPET",
            "codeSnippet": "frmHome.show();",
            "parentId": null,
            "callbackType": null
        }]
    }
}