{
    "AS_Image_011e388544b5404fa21475e5101091cc": {
        "id": "AS_Image_011e388544b5404fa21475e5101091cc",
        "type": "ACTION_SEQUENCE",
        "params": [{
            "datatype": "collection",
            "name": "eventobject"
        }, {
            "datatype": "string",
            "name": "x"
        }, {
            "datatype": "string",
            "name": "y"
        }],
        "contextObj": {
            "name": "frmeffectsIphone",
            "type": "forms",
            "platform": null,
            "KUID": "630024e0723548dd80bfc4c058603377"
        },
        "language": "js",
        "actions": [{
            "id": "ADD_SNIPPET__7b0b15676d9043c2b1f0aa36c1b56fe6",
            "type": "ADD_SNIPPET",
            "codeSnippet": "applyFilterttoImageIphone(filter6);",
            "parentId": null,
            "callbackType": null
        }]
    }
}