{
    "AS_Image_35f544604ac543858da7d92cb3369dc8": {
        "id": "AS_Image_35f544604ac543858da7d92cb3369dc8",
        "type": "ACTION_SEQUENCE",
        "params": [{
            "datatype": "collection",
            "name": "eventobject"
        }, {
            "datatype": "string",
            "name": "x"
        }, {
            "datatype": "string",
            "name": "y"
        }],
        "contextObj": {
            "name": "frmHome",
            "type": "forms",
            "platform": "",
            "KUID": "5d8e18160e3042f9b64d82a3dc179a49"
        },
        "language": "js",
        "actions": [{
            "id": "ADD_SNIPPET__6084d717306446e1b627a59b45a08334",
            "type": "ADD_SNIPPET",
            "codeSnippet": "if(frmHome.flextemp1.isVisible==false){\nfrmHome.flextemp1.isVisible=true;\n}else{\n frmHome.flextemp1.isVisible=false;\n}\nfrmHome.forceLayout();",
            "parentId": null,
            "callbackType": null
        }]
    }
}