{
    "AS_Image_47bfe475bd4c41129c875e1642fb77e3": {
        "id": "AS_Image_47bfe475bd4c41129c875e1642fb77e3",
        "type": "ACTION_SEQUENCE",
        "params": [{
            "datatype": "collection",
            "name": "eventobject"
        }, {
            "datatype": "string",
            "name": "x"
        }, {
            "datatype": "string",
            "name": "y"
        }],
        "contextObj": {
            "name": "frmtwoImagesAndroid",
            "type": "forms",
            "platform": null,
            "KUID": "5ddb5177c1fe43dc9fc2154436448882"
        },
        "language": "js",
        "actions": [{
            "id": "ADD_SNIPPET__33089e9f3f0d49919fe37a1b001d0eea",
            "type": "ADD_SNIPPET",
            "codeSnippet": "setCompositionEditor(kony.filter.MULTIPLY_COMPOSITING);",
            "parentId": null,
            "callbackType": null
        }]
    }
}