{
    "AS_Image_ef939d39c88e4f038dd1ef81f300c4ef": {
        "id": "AS_Image_ef939d39c88e4f038dd1ef81f300c4ef",
        "type": "ACTION_SEQUENCE",
        "params": [{
            "datatype": "collection",
            "name": "eventobject"
        }, {
            "datatype": "string",
            "name": "x"
        }, {
            "datatype": "string",
            "name": "y"
        }],
        "contextObj": {
            "name": "frmeffectsAndroid",
            "type": "forms",
            "platform": "",
            "KUID": "9e9953a764914e0bb21860153a53bf1d"
        },
        "actions": [{
            "id": "ADD_SNIPPET__9bea6dde57e846f697e713e65de5590a",
            "type": "ADD_SNIPPET",
            "codeSnippet": "setColorInversionAndroid();",
            "parentId": null,
            "callbackType": null
        }, {
            "id": "ADD_SNIPPET__a8befe9aaa944fb4b48700b3b0f1ae9e",
            "type": "ADD_SNIPPET",
            "codeSnippet": "applyFilterttoImage(filter3);",
            "parentId": null,
            "callbackType": null
        }]
    }
}