{
    "AS_Image_560974d2521843b6ae5343c2b337db06": {
        "id": "AS_Image_560974d2521843b6ae5343c2b337db06",
        "type": "ACTION_SEQUENCE",
        "params": [{
            "datatype": "collection",
            "name": "eventobject"
        }, {
            "datatype": "string",
            "name": "x"
        }, {
            "datatype": "string",
            "name": "y"
        }],
        "contextObj": {
            "name": "frmHome",
            "type": "forms",
            "platform": "",
            "KUID": "5d8e18160e3042f9b64d82a3dc179a49"
        },
        "actions": [{
            "id": "ADD_SNIPPET__3d0c137762f04cafb3a51532787dff0c",
            "type": "ADD_SNIPPET",
            "codeSnippet": "frmVideo.forceLayout();\nfrmVideo.show();",
            "parentId": null,
            "callbackType": null
        }]
    }
}