{
    "AS_Image_75b8bb1662ca42098af6b6e0f5137946": {
        "id": "AS_Image_75b8bb1662ca42098af6b6e0f5137946",
        "type": "ACTION_SEQUENCE",
        "params": [{
            "datatype": "collection",
            "name": "eventobject"
        }, {
            "datatype": "string",
            "name": "x"
        }, {
            "datatype": "string",
            "name": "y"
        }],
        "contextObj": {
            "name": "frmVideo",
            "type": "forms",
            "platform": "",
            "KUID": "p2kwiet126858492922507"
        },
        "language": "js",
        "actions": [{
            "id": "ADD_SNIPPET_ide_onTouchEnd_b7831389bb594ba58ba4592d6af0a75b",
            "type": "ADD_SNIPPET",
            "codeSnippet": "frmHome.show();",
            "callbackType": null
        }]
    }
}