{
    "AS_Image_944125762f194487892a068e0dab4bee": {
        "id": "AS_Image_944125762f194487892a068e0dab4bee",
        "type": "ACTION_SEQUENCE",
        "params": [{
            "datatype": "collection",
            "name": "eventobject"
        }, {
            "datatype": "string",
            "name": "x"
        }, {
            "datatype": "string",
            "name": "y"
        }],
        "contextObj": {
            "name": "frmtwoImagesAndroid",
            "type": "forms",
            "platform": null,
            "KUID": "5ddb5177c1fe43dc9fc2154436448882"
        },
        "language": "js",
        "actions": [{
            "id": "ADD_SNIPPET__7da74cd992b84a4a8f3bee30d29520be",
            "type": "ADD_SNIPPET",
            "codeSnippet": "setCompositionEditor(kony.filter.LIGHTEN_COMPOSITING);",
            "parentId": null,
            "callbackType": null
        }]
    }
}