{
    "AS_Image_9a2701fb2f2d4bce81c805ae5951045e": {
        "id": "AS_Image_9a2701fb2f2d4bce81c805ae5951045e",
        "type": "ACTION_SEQUENCE",
        "params": [{
            "datatype": "collection",
            "name": "eventobject"
        }, {
            "datatype": "string",
            "name": "x"
        }, {
            "datatype": "string",
            "name": "y"
        }],
        "contextObj": {
            "name": "frmVideo",
            "type": "forms",
            "platform": "",
            "KUID": "p2kwiet126858492922507"
        },
        "actions": [{
            "id": "ADD_SNIPPET__b6562d0031a94ee094f126332c93fef7",
            "type": "ADD_SNIPPET",
            "codeSnippet": "frmHome.show();",
            "parentId": null,
            "callbackType": null
        }]
    }
}