{
    "AS_Image_c1ce06d8e79845d4b28aa02d3a30babf": {
        "id": "AS_Image_c1ce06d8e79845d4b28aa02d3a30babf",
        "type": "ACTION_SEQUENCE",
        "params": [{
            "datatype": "collection",
            "name": "eventobject"
        }, {
            "datatype": "string",
            "name": "x"
        }, {
            "datatype": "string",
            "name": "y"
        }],
        "contextObj": {
            "name": "frmtwoImagesAndroid",
            "type": "forms",
            "platform": null,
            "KUID": "5ddb5177c1fe43dc9fc2154436448882"
        },
        "language": "js",
        "actions": [{
            "id": "ADD_SNIPPET_ide_onTouchEnd_a5d8183bea784ce894a98234e5a2ec4a",
            "type": "ADD_SNIPPET",
            "codeSnippet": "setCompositionEditor(kony.filter.DARKEN_COMPOSITING);",
            "callbackType": null
        }]
    }
}