{
    "AS_Image_a503366dae444775b4dae32e8736cd5a": {
        "id": "AS_Image_a503366dae444775b4dae32e8736cd5a",
        "type": "ACTION_SEQUENCE",
        "params": [{
            "datatype": "collection",
            "name": "eventobject"
        }, {
            "datatype": "string",
            "name": "x"
        }, {
            "datatype": "string",
            "name": "y"
        }],
        "contextObj": {
            "name": "frmblurIphone",
            "type": "forms",
            "KUID": "4d1a6ee5c62141bebcd59c65f399d1b7"
        },
        "language": "js",
        "actions": [{
            "id": "ADD_SNIPPET__4413434cd60a4e60970526a572269800",
            "type": "ADD_SNIPPET",
            "codeSnippet": "setBlurness(5);",
            "parentId": null,
            "callbackType": null
        }]
    }
}