{
    "AS_Image_fa1cd07d1ddc4b05afddce63569014b0": {
        "id": "AS_Image_fa1cd07d1ddc4b05afddce63569014b0",
        "type": "ACTION_SEQUENCE",
        "params": [{
            "datatype": "collection",
            "name": "eventobject"
        }, {
            "datatype": "string",
            "name": "x"
        }, {
            "datatype": "string",
            "name": "y"
        }],
        "contextObj": {
            "name": "frmeffectsIphone",
            "type": "forms",
            "platform": null,
            "KUID": "630024e0723548dd80bfc4c058603377"
        },
        "language": "js",
        "actions": [{
            "id": "ADD_SNIPPET__42cef412294c4f08ba0de3d87c1051f9",
            "type": "ADD_SNIPPET",
            "codeSnippet": "applyFilterttoImageIphone(filter5);",
            "parentId": null,
            "callbackType": null
        }]
    }
}