{
    "AS_Image_1695f78497544a409920c515b13caed6": {
        "id": "AS_Image_1695f78497544a409920c515b13caed6",
        "type": "ACTION_SEQUENCE",
        "params": [{
            "datatype": "collection",
            "name": "eventobject"
        }, {
            "datatype": "string",
            "name": "x"
        }, {
            "datatype": "string",
            "name": "y"
        }],
        "contextObj": {
            "name": "frmeffectsAndroid",
            "type": "forms",
            "KUID": "9e9953a764914e0bb21860153a53bf1d"
        },
        "language": "js",
        "actions": [{
            "id": "ADD_SNIPPET__9b2438eba2ed4c3a84f27825e8c5160b",
            "type": "ADD_SNIPPET",
            "codeSnippet": "applyFilterttoImage(filter2);",
            "parentId": null,
            "callbackType": null
        }]
    }
}