{
    "AS_Image_facf18dcb9ea441aa257769954a90916": {
        "id": "AS_Image_facf18dcb9ea441aa257769954a90916",
        "type": "ACTION_SEQUENCE",
        "params": [{
            "datatype": "collection",
            "name": "eventobject"
        }, {
            "datatype": "string",
            "name": "x"
        }, {
            "datatype": "string",
            "name": "y"
        }],
        "contextObj": {
            "name": "frmtwoImagesAndroid",
            "type": "forms",
            "platform": null,
            "KUID": "5ddb5177c1fe43dc9fc2154436448882"
        },
        "language": "js",
        "actions": [{
            "id": "ADD_SNIPPET_ide_onTouchEnd_705e330770244eecad2765d16d5bf6a9",
            "type": "ADD_SNIPPET",
            "codeSnippet": "setCompositionEditor(kony.filter.LIGHTEN_COMPOSITING);",
            "callbackType": null
        }]
    }
}