{
    "AS_Image_fce3a0cda45d4ce082fb600cf2fe0b0d": {
        "id": "AS_Image_fce3a0cda45d4ce082fb600cf2fe0b0d",
        "type": "ACTION_SEQUENCE",
        "params": [{
            "datatype": "collection",
            "name": "eventobject"
        }, {
            "datatype": "string",
            "name": "x"
        }, {
            "datatype": "string",
            "name": "y"
        }],
        "contextObj": {
            "name": "frmtwoImagesAndroid",
            "type": "forms",
            "platform": null,
            "KUID": "5ddb5177c1fe43dc9fc2154436448882"
        },
        "language": "js",
        "actions": [{
            "id": "ADD_SNIPPET__a4c36b9f787748bdb5897394e970bd15",
            "type": "ADD_SNIPPET",
            "codeSnippet": "setCompositionEditor(kony.filter.XOR_COMPOSITING);",
            "parentId": null,
            "callbackType": null
        }]
    }
}