{
    "AS_Image_e958f5ddbf7f4cd4b93cdb5f76df08e4": {
        "id": "AS_Image_e958f5ddbf7f4cd4b93cdb5f76df08e4",
        "type": "ACTION_SEQUENCE",
        "params": [{
            "datatype": "collection",
            "name": "eventobject"
        }, {
            "datatype": "string",
            "name": "x"
        }, {
            "datatype": "string",
            "name": "y"
        }],
        "contextObj": {
            "name": "frmPreview",
            "type": "templates",
            "platform": "",
            "KUID": "3e45cb5c6e78480c83acc618cc31aabc"
        },
        "language": "js",
        "actions": [{
            "id": "ADD_SNIPPET__8d56ecb147024e8ca3567cd1929aebd4",
            "type": "ADD_SNIPPET",
            "codeSnippet": "redoImgProces();",
            "parentId": null,
            "callbackType": null
        }]
    }
}