{
    "AS_Image_d65918abf75c4020aada5884acaaf60a": {
        "id": "AS_Image_d65918abf75c4020aada5884acaaf60a",
        "type": "ACTION_SEQUENCE",
        "params": [{
            "datatype": "collection",
            "name": "eventobject"
        }, {
            "datatype": "string",
            "name": "x"
        }, {
            "datatype": "string",
            "name": "y"
        }],
        "contextObj": {
            "name": "frmBrightnessIPhone",
            "type": "forms",
            "platform": "",
            "KUID": "3c5fc5efab8e4a589589899a788b3149"
        },
        "actions": [{
            "id": "ADD_SNIPPET__298e6a8d2632461daac956fa828deb79",
            "type": "ADD_SNIPPET",
            "codeSnippet": "colorstaus=\"simulation\";\nfinalImageObject = finalImageObject1;\nsetSaturationFuncIphone();",
            "parentId": null,
            "callbackType": null
        }]
    }
}