{
    "AS_Image_cfde773448e34a7ab52a4e80ae8cc962": {
        "id": "AS_Image_cfde773448e34a7ab52a4e80ae8cc962",
        "type": "ACTION_SEQUENCE",
        "params": [{
            "datatype": "collection",
            "name": "eventobject"
        }, {
            "datatype": "string",
            "name": "x"
        }, {
            "datatype": "string",
            "name": "y"
        }],
        "contextObj": {
            "name": "frmblurIphone",
            "type": "forms",
            "platform": "",
            "KUID": "4d1a6ee5c62141bebcd59c65f399d1b7"
        },
        "actions": [{
            "id": "ADD_SNIPPET__8c7be97577be4597be0ccbd8c95c9c92",
            "type": "ADD_SNIPPET",
            "codeSnippet": "applyBulrImageIphone(filter9);",
            "parentId": null,
            "callbackType": null
        }]
    }
}