{
    "AS_Image_331b5005c8874d50b8cb44b52047aca1": {
        "id": "AS_Image_331b5005c8874d50b8cb44b52047aca1",
        "type": "ACTION_SEQUENCE",
        "params": [{
            "datatype": "collection",
            "name": "eventobject"
        }, {
            "datatype": "string",
            "name": "x"
        }, {
            "datatype": "string",
            "name": "y"
        }],
        "contextObj": {
            "name": "frmblurIphone",
            "type": "forms",
            "platform": "",
            "KUID": "4d1a6ee5c62141bebcd59c65f399d1b7"
        },
        "language": "js",
        "actions": [{
            "id": "ADD_SNIPPET__7c83f30a4d5b4f50ba0c1713d0d3b57a",
            "type": "ADD_SNIPPET",
            "codeSnippet": "applyBulrImageIphone(filter7);",
            "parentId": null,
            "callbackType": null
        }]
    }
}