{
    "AS_Image_dfc770205296493f8519679171010d6b": {
        "id": "AS_Image_dfc770205296493f8519679171010d6b",
        "type": "ACTION_SEQUENCE",
        "params": [{
            "datatype": "collection",
            "name": "eventobject"
        }, {
            "datatype": "string",
            "name": "x"
        }, {
            "datatype": "string",
            "name": "y"
        }],
        "contextObj": {
            "name": "frmBrightnessIPhone",
            "type": "forms",
            "platform": "",
            "KUID": "3c5fc5efab8e4a589589899a788b3149"
        },
        "actions": [{
            "id": "ADD_SNIPPET__58e7e48eb1bb490e93fdda600b411832",
            "type": "ADD_SNIPPET",
            "codeSnippet": "colorstaus=\"contrast\";\nfinalImageObject = finalImageObject1;\nsetContrastFuncIphone();",
            "parentId": null,
            "callbackType": null
        }]
    }
}