{
    "AS_Image_99b5ffdc2d354cf2befebfe9a30bfc64": {
        "id": "AS_Image_99b5ffdc2d354cf2befebfe9a30bfc64",
        "type": "ACTION_SEQUENCE",
        "params": [{
            "datatype": "collection",
            "name": "eventobject"
        }, {
            "datatype": "string",
            "name": "x"
        }, {
            "datatype": "string",
            "name": "y"
        }],
        "contextObj": {
            "name": "frmBrightnessIPhone",
            "type": "forms",
            "platform": "",
            "KUID": "3c5fc5efab8e4a589589899a788b3149"
        },
        "actions": [{
            "id": "ADD_SNIPPET__21346fbf5bb34d15a6fb2c5ccd3c44eb",
            "type": "ADD_SNIPPET",
            "codeSnippet": "colorstaus=\"hue\";\nfinalImageObject = finalImageObject1;\nsetHueFuncIphone();",
            "parentId": null,
            "callbackType": null
        }]
    }
}