{
    "AS_ListBox_779fa1743b744b96a0e0072bbdfe9d35": {
        "id": "AS_ListBox_779fa1743b744b96a0e0072bbdfe9d35",
        "type": "ACTION_SEQUENCE",
        "params": [{
            "datatype": "collection",
            "name": "eventobject"
        }],
        "contextObj": {
            "name": "frmVideo",
            "type": "forms",
            "platform": "",
            "KUID": "p2kwiet126858492922507"
        },
        "language": "js",
        "actions": [{
            "id": "ADD_SNIPPET_ide_onSelection_bcd61d374e0f4de38ffd501f0bf1c8ad",
            "type": "ADD_SNIPPET",
            "codeSnippet": "camera_videoFormatProperty();",
            "callbackType": null
        }]
    }
}