{
    "AS_ListBox_ffd55e23a3f74ef48dc8e7bf09d5b8bd": {
        "id": "AS_ListBox_ffd55e23a3f74ef48dc8e7bf09d5b8bd",
        "type": "ACTION_SEQUENCE",
        "params": [{
            "datatype": "collection",
            "name": "eventobject"
        }],
        "contextObj": {
            "name": "frmVideo",
            "type": "forms",
            "platform": "",
            "KUID": "p2kwiet126858492922507"
        },
        "language": "js",
        "actions": [{
            "id": "ADD_SNIPPET_ide_onSelection_e107eec397484f969f65fe2b773bcc14",
            "type": "ADD_SNIPPET",
            "codeSnippet": "camera_FlashMode();",
            "callbackType": null
        }]
    }
}