{
    "AS_ListBox_6344b5701bd346ffae36e48eefbcee14": {
        "id": "AS_ListBox_6344b5701bd346ffae36e48eefbcee14",
        "type": "ACTION_SEQUENCE",
        "params": [{
            "datatype": "collection",
            "name": "eventobject"
        }],
        "contextObj": {
            "name": "frmVideo",
            "type": "forms",
            "platform": "",
            "KUID": "p2kwiet126858492922507"
        },
        "language": "js",
        "actions": [{
            "id": "ADD_SNIPPET__c9b7c4382f5d4775a85e6bfb317313cb",
            "type": "ADD_SNIPPET",
            "codeSnippet": "setFocusMode();",
            "parentId": null,
            "callbackType": null
        }]
    }
}