{
    "AS_ListBox_5736b7148d6e4bab8d0d275dcae47658": {
        "id": "AS_ListBox_5736b7148d6e4bab8d0d275dcae47658",
        "type": "ACTION_SEQUENCE",
        "params": [{
            "datatype": "collection",
            "name": "eventobject"
        }],
        "contextObj": {
            "name": "frmVideo",
            "type": "forms",
            "platform": "",
            "KUID": "p2kwiet126858492922507"
        },
        "language": "js",
        "actions": [{
            "id": "ADD_SNIPPET_ide_onSelection_0cd4805bc957441696849b5a9fa634e9",
            "type": "ADD_SNIPPET",
            "codeSnippet": "setFocusMode();",
            "callbackType": null
        }]
    }
}