{
    "AS_ListBox_01afbcfe65614d1eafc1a90922ac784f": {
        "id": "AS_ListBox_01afbcfe65614d1eafc1a90922ac784f",
        "type": "ACTION_SEQUENCE",
        "params": [{
            "datatype": "collection",
            "name": "eventobject"
        }],
        "contextObj": {
            "name": "frmVideo",
            "type": "forms",
            "platform": "",
            "KUID": "p2kwiet126858492922507"
        },
        "language": "js",
        "actions": [{
            "id": "ADD_SNIPPET_ide_onSelection_bc832f6cb89b482eb2f4a43dc8af41e7",
            "type": "ADD_SNIPPET",
            "codeSnippet": "camera_videoQualityLevel();",
            "callbackType": null
        }]
    }
}