{
    "AS_ListBox_f6591537387a4c18a741157756a487d9": {
        "id": "AS_ListBox_f6591537387a4c18a741157756a487d9",
        "type": "ACTION_SEQUENCE",
        "params": [{
            "datatype": "collection",
            "name": "eventobject"
        }],
        "contextObj": {
            "name": "frmVideo",
            "type": "forms",
            "platform": "",
            "KUID": "p2kwiet126858492922507"
        },
        "language": "js",
        "actions": [{
            "id": "ADD_SNIPPET_ide_onSelection_5ac4c1c3f8c046b89b074ca5efb3dac7",
            "type": "ADD_SNIPPET",
            "codeSnippet": "camera_videoQualityLevel();",
            "callbackType": null
        }]
    }
}