{
    "AS_ListBox_29a0b9bbcf67478cb89b48b9e950946d": {
        "id": "AS_ListBox_29a0b9bbcf67478cb89b48b9e950946d",
        "type": "ACTION_SEQUENCE",
        "params": [{
            "datatype": "collection",
            "name": "eventobject"
        }],
        "contextObj": {
            "name": "frmVideo",
            "type": "forms",
            "platform": "",
            "KUID": "p2kwiet126858492922507"
        },
        "actions": [{
            "id": "ADD_SNIPPET__ace802d6a4d948dea8c5bd4379f142e0",
            "type": "ADD_SNIPPET",
            "codeSnippet": "camera_videoFormatProperty();",
            "parentId": null,
            "callbackType": null
        }]
    }
}