{
    "AS_ListBox_6578dfeab0f54344b78eabdcdda14c44": {
        "id": "AS_ListBox_6578dfeab0f54344b78eabdcdda14c44",
        "type": "ACTION_SEQUENCE",
        "params": [{
            "datatype": "collection",
            "name": "eventobject"
        }],
        "contextObj": {
            "name": "frmVideo",
            "type": "forms",
            "platform": "",
            "KUID": "p2kwiet126858492922507"
        },
        "language": "js",
        "actions": [{
            "id": "ADD_SNIPPET__eb411735f2e2436b81305865a424e082",
            "type": "ADD_SNIPPET",
            "codeSnippet": "camera_FlashMode();",
            "parentId": null,
            "callbackType": null
        }]
    }
}