{
    "AS_ListBox_fa1690f26a70432aaf9a74b1e3bc2313": {
        "id": "AS_ListBox_fa1690f26a70432aaf9a74b1e3bc2313",
        "type": "ACTION_SEQUENCE",
        "params": [{
            "datatype": "collection",
            "name": "eventobject"
        }],
        "contextObj": {
            "name": "frmVideo",
            "type": "forms",
            "platform": "",
            "KUID": "p2kwiet126858492922507"
        },
        "actions": [{
            "id": "ADD_SNIPPET__5cc1f9cd4da746ac867994cea253a31c",
            "type": "ADD_SNIPPET",
            "codeSnippet": "camera_videoQualityLevel();",
            "parentId": null,
            "callbackType": null
        }]
    }
}