{
    "AS_RadioButtonGroup_682f470507c84b6a8f4ef33b32ef3110": {
        "id": "AS_RadioButtonGroup_682f470507c84b6a8f4ef33b32ef3110",
        "type": "ACTION_SEQUENCE",
        "params": [{
            "datatype": "collection",
            "name": "eventobject"
        }],
        "contextObj": {
            "name": "frmtwoImagesIphone",
            "type": "forms",
            "platform": "",
            "KUID": "e3beb9c37ebd4665b17204fe78b784f2"
        },
        "actions": [{
            "id": "ADD_SNIPPET__0e43cec06c40414a98b52a001483e822",
            "type": "ADD_SNIPPET",
            "codeSnippet": "\nsetCompositionEditorIphone(frmtwoImagesIphone.RadioButtonGroup09b7e6319b35d43.selectedKeyValue[0]);\n",
            "parentId": null,
            "callbackType": null
        }]
    }
}