{
    "AS_RadioButtonGroup_525e6a1c4fa6400a9ad038ebb8d2ebe2": {
        "id": "AS_RadioButtonGroup_525e6a1c4fa6400a9ad038ebb8d2ebe2",
        "type": "ACTION_SEQUENCE",
        "params": [{
            "datatype": "collection",
            "name": "eventobject"
        }],
        "contextObj": {
            "name": "frmtwoImagesIphone",
            "type": "forms",
            "platform": null,
            "KUID": "e3beb9c37ebd4665b17204fe78b784f2"
        },
        "language": "js",
        "actions": [{
            "id": "ADD_SNIPPET__a081f710d9e54b7883221f1f0202f6b9",
            "type": "ADD_SNIPPET",
            "codeSnippet": "\nsetCompositionEditorIphone(frmtwoImagesIphone.RadioButtonGroup09b7e6319b35d43.selectedKeyValue[0]);\n",
            "parentId": null,
            "callbackType": null
        }]
    }
}