{
    "AS_Slider_38bba47a1c0f4672b52c7ab5bbd26cfd": {
        "id": "AS_Slider_38bba47a1c0f4672b52c7ab5bbd26cfd",
        "type": "ACTION_SEQUENCE",
        "params": [{
            "datatype": "collection",
            "name": "eventobject"
        }, {
            "datatype": "string",
            "name": "selectedvalue"
        }],
        "contextObj": {
            "name": "frmVideo",
            "type": "forms",
            "platform": "",
            "KUID": "p2kwiet126858492922507"
        },
        "language": "js",
        "actions": [{
            "id": "ADD_SNIPPET_ide_onSelection_18730d89b0214c3a966d27e4d7e426a6",
            "type": "ADD_SNIPPET",
            "codeSnippet": "setVideoDuration();",
            "callbackType": null
        }]
    }
}