{
    "AS_Slider_ad88423d06674c31b815e77bae505e92": {
        "id": "AS_Slider_ad88423d06674c31b815e77bae505e92",
        "type": "ACTION_SEQUENCE",
        "params": [{
            "datatype": "collection",
            "name": "eventobject"
        }, {
            "datatype": "string",
            "name": "selectedvalue"
        }],
        "contextObj": {
            "name": "frmCropPreview",
            "type": "forms",
            "KUID": "a331f79022e241d2bbcfe9dbb7fb979b"
        },
        "language": "js",
        "actions": [{
            "id": "ADD_SNIPPET_ide_onSelection_21fa65654f924a6bab73a531a2edd0d9",
            "type": "ADD_SNIPPET",
            "codeSnippet": "onCropSlideFunc()",
            "callbackType": null
        }]
    }
}