{
    "AS_Slider_6e333695689d45928c82415c79e28f7a": {
        "id": "AS_Slider_6e333695689d45928c82415c79e28f7a",
        "type": "ACTION_SEQUENCE",
        "params": [{
            "datatype": "collection",
            "name": "eventobject"
        }, {
            "datatype": "string",
            "name": "selectedvalue"
        }],
        "contextObj": {
            "name": "frmCropPreview",
            "type": "forms",
            "platform": "",
            "KUID": "a331f79022e241d2bbcfe9dbb7fb979b"
        },
        "actions": [{
            "id": "ADD_SNIPPET__7546486cb5074288be8168f94d68e724",
            "type": "ADD_SNIPPET",
            "codeSnippet": "onCropSlideFunc();",
            "parentId": null,
            "callbackType": null
        }]
    }
}