{
    "AS_Slider_d913ff84ec194a3b8e705a278bf056e2": {
        "id": "AS_Slider_d913ff84ec194a3b8e705a278bf056e2",
        "type": "ACTION_SEQUENCE",
        "params": [{
            "datatype": "collection",
            "name": "eventobject"
        }, {
            "datatype": "string",
            "name": "selectedvalue"
        }],
        "contextObj": {
            "name": "frmVideo",
            "type": "forms",
            "platform": "",
            "KUID": "p2kwiet126858492922507"
        },
        "actions": [{
            "id": "ADD_SNIPPET__8c3dee1b8f8e4376a770e4c30410ec99",
            "type": "ADD_SNIPPET",
            "codeSnippet": "setVideoDuration();",
            "parentId": null,
            "callbackType": null
        }]
    }
}