{
    "AS_Slider_b24ae4d085c540ef8a1d61c62302cfe6": {
        "id": "AS_Slider_b24ae4d085c540ef8a1d61c62302cfe6",
        "type": "ACTION_SEQUENCE",
        "params": [{
            "datatype": "collection",
            "name": "eventobject"
        }, {
            "datatype": "string",
            "name": "selectedvalue"
        }],
        "contextObj": {
            "name": "frmCropPreview",
            "type": "forms",
            "KUID": "a331f79022e241d2bbcfe9dbb7fb979b"
        },
        "language": "js",
        "actions": [{
            "id": "ADD_SNIPPET_ide_onSelection_252d11b55b9947479b501bc6c6bdeee7",
            "type": "ADD_SNIPPET",
            "codeSnippet": "setBrightnessFunc();",
            "callbackType": null
        }]
    }
}