{
    "AS_Slider_dd48113cb9314fefa1c80befd9f92b76": {
        "id": "AS_Slider_dd48113cb9314fefa1c80befd9f92b76",
        "type": "ACTION_SEQUENCE",
        "params": [{
            "datatype": "collection",
            "name": "eventobject"
        }, {
            "datatype": "string",
            "name": "selectedvalue"
        }],
        "contextObj": {
            "name": "frmCropPreview",
            "type": "forms",
            "KUID": "a331f79022e241d2bbcfe9dbb7fb979b"
        },
        "language": "js",
        "actions": [{
            "id": "ADD_SNIPPET__6a04c42bb7ed4ced9dc46afcf6d27caa",
            "type": "ADD_SNIPPET",
            "codeSnippet": "onCropSlideFunc()",
            "parentId": null,
            "callbackType": null
        }]
    }
}