{
    "AS_Slider_914ae350ee3541f29651dab30c0a2e32": {
        "id": "AS_Slider_914ae350ee3541f29651dab30c0a2e32",
        "type": "ACTION_SEQUENCE",
        "params": [{
            "datatype": "collection",
            "name": "eventobject"
        }, {
            "datatype": "string",
            "name": "selectedvalue"
        }],
        "contextObj": {
            "name": "frmCropPreview",
            "type": "forms",
            "KUID": "a331f79022e241d2bbcfe9dbb7fb979b"
        },
        "language": "js",
        "actions": [{
            "id": "ADD_SNIPPET_ide_onSelection_da84dc5af4e1412393894201c710477a",
            "type": "ADD_SNIPPET",
            "codeSnippet": "onCropSlideFunc()",
            "callbackType": null
        }]
    }
}