{
    "AS_Slider_043e40f9afc84f4baf5414c07ef7c6d9": {
        "id": "AS_Slider_043e40f9afc84f4baf5414c07ef7c6d9",
        "type": "ACTION_SEQUENCE",
        "params": [{
            "datatype": "collection",
            "name": "eventobject"
        }, {
            "datatype": "string",
            "name": "selectedvalue"
        }],
        "contextObj": {
            "name": "frmBrightness",
            "type": "forms",
            "platform": "",
            "KUID": "8986432cf61542a8a0c6ffec10621353"
        },
        "actions": [{
            "id": "ADD_SNIPPET__40f2a6e70c44473ebf2daa36365d648f",
            "type": "ADD_SNIPPET",
            "codeSnippet": "setBrightnessFunc();",
            "parentId": null,
            "callbackType": null
        }]
    }
}