{
    "AS_Slider_7dbbfec5b0924a95bf092421a7d6758d": {
        "id": "AS_Slider_7dbbfec5b0924a95bf092421a7d6758d",
        "type": "ACTION_SEQUENCE",
        "params": [{
            "datatype": "collection",
            "name": "eventobject"
        }, {
            "datatype": "string",
            "name": "selectedvalue"
        }],
        "contextObj": {
            "name": "frmScaleFactor",
            "type": "forms",
            "platform": "",
            "KUID": "3b89101662ab44ab9a7a8255500ef88c"
        },
        "actions": [{
            "id": "ADD_SNIPPET__b35d60d9f2354bddbc3f8d8b236c753c",
            "type": "ADD_SNIPPET",
            "codeSnippet": "ScalefactorFunc();",
            "parentId": null,
            "callbackType": null
        }]
    }
}