{
    "AS_Slider_ed59dac54e3a4e739fe8c07d8b542fd2": {
        "id": "AS_Slider_ed59dac54e3a4e739fe8c07d8b542fd2",
        "type": "ACTION_SEQUENCE",
        "params": [{
            "datatype": "collection",
            "name": "eventobject"
        }, {
            "datatype": "string",
            "name": "selectedvalue"
        }],
        "contextObj": {
            "name": "frmblurAndroid",
            "type": "forms",
            "KUID": "421e80eda23744eda8e843993a89ce4f"
        },
        "language": "js",
        "actions": [{
            "id": "ADD_SNIPPET__bad7beefe5c64eed971e6dc11588c909",
            "type": "ADD_SNIPPET",
            "codeSnippet": "setBlurness();",
            "parentId": null,
            "callbackType": null
        }]
    }
}