{
    "@class": "com.kony.gen.viz.model.component.KVizImage2",
    "DNDConfig": null,
    "__parentReadjusting__": false,
    "_base64_": null,
    "_height_": {
        "type": "string",
        "value": "100%"
    },
    "_left_": {
        "type": "string",
        "value": "50%"
    },
    "_margin_": [
        0,
        0,
        0,
        0
    ],
    "_padding_": [
        0,
        0,
        0,
        0
    ],
    "_skin_": "s457105e0cb54754afae10f84e4a06db",
    "_src_": "grey4.png",
    "_top_": {
        "type": "string",
        "value": "0%"
    },
    "_width_": {
        "type": "string",
        "value": "25%"
    },
    "canUpdateUI": true,
    "containerweight": 100,
    "context": {
        "channel": "mobile",
        "formID": "frmeffectsAndroid",
        "platform": "iphone",
        "templateType": "forms",
        "topLevelBox": null
    },
    "enabled": false,
    "id": "img4",
    "ide_onTouchEnd": "AS_Image_db969b9a1a4e457385c5db2a2181351a",
    "imagescalemode": 1,
    "info": null,
    "invokedProperty": "src",
    "isvisible": true,
    "kuid": "150fa49ef69d4cdda2bf95b76a4918f4",
    "name": "kony.ui.Image2",
    "ontouchend": "AS_Image_db969b9a1a4e457385c5db2a2181351a",
    "parent": "FlexContainer021184713ccf344",
    "pf": "frmeffectsAndroid",
    "srcType": 1,
    "wType": "Image",
    "widgetalignment": 5,
    "zindex": 1
}