{
    "@class": "com.kony.gen.viz.model.component.KVizButton",
    "DNDConfig": null,
    "__parentReadjusting__": false,
    "_height_": {
        "type": "string",
        "value": "50%"
    },
    "_left_": {
        "type": "string",
        "value": "0.00%"
    },
    "_margin_": [
        6,
        6,
        6,
        6
    ],
    "_padding_": [
        0,
        0,
        0,
        0
    ],
    "_skin_": "s108fca39f264406b639f9a8bb690369",
    "_text_": "",
    "_top_": {
        "type": "string",
        "value": "0.00%"
    },
    "_width_": {
        "type": "string",
        "value": "30%"
    },
    "canUpdateUI": true,
    "centerx": {
        "type": "string",
        "value": "50%"
    },
    "centery": {
        "type": "string",
        "value": "45%"
    },
    "containerweight": 100,
    "contentalignment": 5,
    "displaytext": true,
    "focusskin": "s0ae7630afa440b6b29347a45f0acfb7",
    "id": "Button07cb08b6ae3b944",
    "ide_onClick": "AS_Button_37463d4f8cdb497b9d0d95c2c443f22f",
    "info": null,
    "isvisible": true,
    "kuid": "29c2d206421f43b78f941add7c2551e2",
    "name": "kony.ui.Button",
    "onclick": "AS_Button_37463d4f8cdb497b9d0d95c2c443f22f",
    "parent": "FlexContainerGallery",
    "pf": "frmHome",
    "wType": "Button",
    "zindex": 10
}