{
    "@class": "com.kony.gen.viz.model.component.KVizCamera",
    "DNDConfig": null,
    "__parentReadjusting__": false,
    "_height_": {
        "type": "string",
        "value": "42%"
    },
    "_left_": {
        "type": "string",
        "value": "0%"
    },
    "_margin_": [
        0,
        0,
        0,
        0
    ],
    "_padding_": [
        0,
        0,
        0,
        0
    ],
    "_skin_": "sea615ee85a949daa192726f81a53279",
    "_text_": "",
    "_top_": {
        "type": "string",
        "value": "0%"
    },
    "_width_": {
        "type": "string",
        "value": "32%"
    },
    "accessmode": "private",
    "android": {
        "enableOverlay": true,
        "overlayConfig": {
            "captureButtonSkin": "sb7f7420130840c393736504dc2f2d93",
            "captureButtonText": "Capture IT",
            "overlayForm": "frmOverlay",
            "startVideoButtonText": "",
            "stopVideoButtonText": "",
            "tapAnyWhere": true
        }
    },
    "camerasource": "rear",
    "canUpdateUI": true,
    "centerx": {
        "type": "string",
        "value": "50%"
    },
    "centery": {
        "type": "string",
        "value": "45%"
    },
    "compressionlevel": 0,
    "containerweight": 100,
    "contentalignment": 5,
    "desktopweb": {
        "render": false
    },
    "enabled": false,
    "enableoverlay": false,
    "id": "Camera0b80625cf993243",
    "ide_onCapture": "AS_Camera_b66a59d6e3a34d36b0d56850501d3551",
    "info": null,
    "iphone": {
        "enableOverlay": true,
        "overlayConfig": {
            "overlayForm": "frmOverlayiOS",
            "startVideoButtonText": "",
            "stopVideoButtonText": ""
        },
        "psp": {
            "nativeUserInterface": false
        }
    },
    "isvisible": true,
    "kuid": "1cf3b6e998c541249f5a6d2212fa2e01",
    "name": "kony.ui.Camera",
    "nativeUserInterface": false,
    "oncapture": "AS_Camera_b66a59d6e3a34d36b0d56850501d3551",
    "overlayConfig": {
        "overlayForm": "frmOverlayiOS",
        "startVideoButtonText": "",
        "stopVideoButtonText": ""
    },
    "parent": "FlexContainerCamera",
    "pf": "frmHome",
    "scalefactor": 50,
    "spaan": {
        "render": false
    },
    "spaandroidtablet": {
        "render": false
    },
    "spabb": {
        "render": false
    },
    "spaip": {
        "render": false
    },
    "spaipad": {
        "render": false
    },
    "spawindowstablet": {
        "render": false
    },
    "spawinphone8": {
        "render": false
    },
    "wType": "Camera",
    "watchos": {
        "render": false
    },
    "winphone8": {
        "overlayConfig": {
            "tapAnyWhere": false
        }
    }
}