{
    "@class": "com.kony.gen.viz.model.component.KVizLabel",
    "DNDConfig": null,
    "__parentReadjusting__": false,
    "_bottom_": {
        "type": "string",
        "value": "18%"
    },
    "_height_": {
        "type": "ref",
        "value": "preferred"
    },
    "_margin_": [
        1,
        1,
        1,
        1
    ],
    "_padding_": [
        0,
        0,
        0,
        0
    ],
    "_skin_": "sd1861e06b1c4059ad1b7c2001386311",
    "_text_": "MOVIES",
    "_width_": {
        "type": "ref",
        "value": "preferred"
    },
    "_wrapping_": 2,
    "android": {
        "textStyle": {
            "letterSpacing": 0,
            "strikeThrough": false
        }
    },
    "canUpdateUI": true,
    "centerx": {
        "type": "string",
        "value": "75%"
    },
    "containerweight": 100,
    "contentalignment": 4,
    "id": "CopyLabel091b6f8542b7b43",
    "info": null,
    "ipad": {
        "psp": {
            "wrapping": 2
        }
    },
    "iphone": {
        "psp": {
            "wrapping": 2
        }
    },
    "isvisible": true,
    "kuid": "f383ad3aadd7499d9b9ea72b6561910b",
    "name": "kony.ui.Label",
    "parent": "FlexContainer067ae0e29052140",
    "pf": "frmHome",
    "tooltip": "",
    "wType": "Label",
    "zindex": 1
}