{
    "DNDConfig": null,
    "__parentReadjusting__": false,
    "_height_": {
        "type": "string",
        "value": "49%"
    },
    "_left_": {
        "type": "string",
        "value": "0%"
    },
    "_margin_": [
        0,
        0,
        0,
        0
    ],
    "_orientation_": 6,
    "_padding_": [
        0,
        0,
        0,
        0
    ],
    "_percent_": true,
    "_skin_": "s90f9d3567ec49379066c229650fed18",
    "_top_": {
        "type": "string",
        "value": "0%"
    },
    "_width_": {
        "type": "string",
        "value": "100%"
    },
    "allboxes": [],
    "autogrowmode": 0,
    "canUpdateUI": true,
    "children": [
        "Image0d8a2ca6187964d",
        "Image086cb0ef85c5545",
        "lblLine",
        "CopyLabel0e63000efbfc741",
        "CopyLabel091b6f8542b7b43"
    ],
    "clipbounds": true,
    "containerweight": 100,
    "enablescrolling": true,
    "id": "FlexContainer067ae0e29052140",
    "info": null,
    "isvisible": true,
    "kuid": "09653fc5b9664e44bb7d70743b5275dc",
    "layouttype": 2,
    "name": "kony.ui.FlexContainer",
    "parent": "FlexContainerMain",
    "pf": "frmHome",
    "snapgridsize": 10,
    "snaptogrid": true,
    "wType": "FlexContainer",
    "widgetalignment": 1,
    "zindex": 1
}