{
    "@class": "com.kony.gen.viz.model.component.KVizImage2",
    "DNDConfig": null,
    "__parentReadjusting__": false,
    "_base64_": null,
    "_height_": {
        "type": "string",
        "value": "100%"
    },
    "_left_": {
        "type": "string",
        "value": "0%"
    },
    "_margin_": [
        0,
        0,
        0,
        0
    ],
    "_padding_": [
        0,
        0,
        0,
        0
    ],
    "_skin_": "s1565385cff54aeca36d97fb153483b1",
    "_src_": "imageprocessing.png",
    "_top_": {
        "type": "string",
        "value": "0dp"
    },
    "_width_": {
        "type": "string",
        "value": "50%"
    },
    "canUpdateUI": true,
    "centery": {
        "type": "string",
        "value": "32%"
    },
    "containerweight": 100,
    "context": {
        "channel": "mobile",
        "formID": "frmHome",
        "platform": "iphone",
        "templateType": "forms",
        "topLevelBox": null
    },
    "id": "Image0d8a2ca6187964d",
    "ide_onTouchEnd": "AS_Image_35f544604ac543858da7d92cb3369dc8",
    "imagescalemode": 1,
    "info": null,
    "invokedProperty": "src",
    "isvisible": true,
    "kuid": "55b7933a5d36423ea013182c2b595868",
    "name": "kony.ui.Image2",
    "ontouchend": "AS_Image_35f544604ac543858da7d92cb3369dc8",
    "parent": "FlexContainer067ae0e29052140",
    "pf": "frmHome",
    "srcType": 1,
    "wType": "Image",
    "widgetalignment": 5,
    "zindex": 10
}