{
    "@class": "com.kony.gen.viz.model.component.KVizImage2",
    "DNDConfig": null,
    "__parentReadjusting__": false,
    "_base64_": null,
    "_height_": {
        "type": "string",
        "value": "100%"
    },
    "_left_": {
        "type": "string",
        "value": "24.95%"
    },
    "_margin_": [
        0,
        0,
        0,
        0
    ],
    "_padding_": [
        0,
        0,
        0,
        0
    ],
    "_skin_": "s1565385cff54aeca36d97fb153483b1",
    "_src_": "drawing.png",
    "_top_": {
        "type": "string",
        "value": "0%"
    },
    "_width_": {
        "type": "string",
        "value": "50%"
    },
    "canUpdateUI": true,
    "containerweight": 100,
    "context": {
        "channel": "mobile",
        "formID": "frmHome",
        "platform": "iphone",
        "templateType": "forms",
        "topLevelBox": null
    },
    "id": "Image06a9daea9dc4f4f",
    "imagescalemode": 1,
    "info": null,
    "invokedProperty": "src",
    "isvisible": true,
    "kuid": "012634906b804c32899d2219a338dd41",
    "name": "kony.ui.Image2",
    "parent": "FlexContainer05bae96ed87254f",
    "pf": "frmHome",
    "srcType": 1,
    "wType": "Image",
    "widgetalignment": 5
}