{
    "@class": "com.kony.gen.viz.model.component.KVizLabel",
    "DNDConfig": null,
    "__parentReadjusting__": false,
    "_height_": {
        "type": "string",
        "value": "100%"
    },
    "_left_": {
        "type": "string",
        "value": "49%"
    },
    "_margin_": [
        1,
        1,
        1,
        1
    ],
    "_padding_": [
        0,
        0,
        0,
        0
    ],
    "_skin_": "s098b7772bcb46a1a9791aa1f6174bd6",
    "_text_": "",
    "_top_": {
        "type": "string",
        "value": "2dp"
    },
    "_width_": {
        "type": "string",
        "value": "1dp"
    },
    "_wrapping_": 2,
    "android": {
        "textStyle": {
            "letterSpacing": 0,
            "strikeThrough": false
        }
    },
    "canUpdateUI": true,
    "centerx": {
        "type": "string",
        "value": "50%"
    },
    "containerweight": 100,
    "contentalignment": 4,
    "id": "lblLine",
    "info": null,
    "ipad": {
        "psp": {
            "wrapping": 2
        }
    },
    "iphone": {
        "psp": {
            "wrapping": 2
        }
    },
    "isvisible": true,
    "kuid": "3ac57e2633c54cc48782553156e9cd8f",
    "name": "kony.ui.Label",
    "parent": "FlexContainer067ae0e29052140",
    "pf": "frmHome",
    "tooltip": "",
    "wType": "Label",
    "zindex": 1
}