{
    "@class": "com.kony.gen.viz.model.component.KVizLabel",
    "DNDConfig": null,
    "__parentReadjusting__": false,
    "_height_": {
        "type": "ref",
        "value": "preferred"
    },
    "_margin_": [
        1,
        1,
        1,
        1
    ],
    "_padding_": [
        0,
        0,
        0,
        0
    ],
    "_skin_": "sb27897d7c3048f38ffe5085c0b20287",
    "_text_": "Sample app to create & edit photos",
    "_top_": {
        "type": "string",
        "value": "170dp"
    },
    "_width_": {
        "type": "string",
        "value": "90%"
    },
    "_wrapping_": 2,
    "android": {
        "psp": {
            "textCopyable": true
        },
        "textStyle": {
            "letterSpacing": 0,
            "strikeThrough": false
        }
    },
    "canUpdateUI": true,
    "centerx": {
        "type": "string",
        "value": "50%"
    },
    "containerweight": 100,
    "contentalignment": 5,
    "id": "LblTitle2",
    "info": null,
    "ipad": {
        "psp": {
            "wrapping": 2
        }
    },
    "iphone": {
        "psp": {
            "pasteboardType": 2,
            "textCopyable": true,
            "wrapping": 2
        }
    },
    "isvisible": true,
    "kuid": "7bb5805183434c06a21f5a0e6588e73c",
    "name": "kony.ui.Label",
    "parent": "frmHome",
    "pasteboardtype": 2,
    "pf": "frmHome",
    "tooltip": "",
    "wType": "Label",
    "zindex": 1
}