{
    "@class": "com.kony.gen.viz.model.component.KVizSlider",
    "DNDConfig": null,
    "__parentReadjusting__": false,
    "_height_": {
        "type": "string",
        "value": "10%"
    },
    "_left_": {
        "type": "string",
        "value": "1%"
    },
    "_margin_": [
        0,
        0,
        0,
        0
    ],
    "_max_": 100,
    "_min_": 10,
    "_padding_": [
        0,
        0,
        0,
        0
    ],
    "_right_": {
        "type": "string",
        "value": "1%"
    },
    "_step_": 1,
    "_thickness_": 1,
    "_top_": {
        "type": "string",
        "value": "90.24%"
    },
    "android": {
        "thickness": "1",
        "thumbImage": "slider_android.png"
    },
    "canUpdateUI": true,
    "containerweight": 100,
    "desktopweb": {
        "psp": {
            "orientation": "horizontal",
            "viewType": "default"
        }
    },
    "id": "Slider0a1d0fefb5b6d48",
    "ide_onSelection": "AS_Slider_dd48113cb9314fefa1c80befd9f92b76",
    "imgwt": 40,
    "info": null,
    "ipad": {
        "psp": {
            "enableThumbTintColor": true,
            "thumbTintColor": "ffffff00"
        },
        "thumbImage": "slider_ios7.png"
    },
    "iphone": {
        "psp": {
            "enableThumbTintColor": true,
            "thumbTintColor": "36ebdc00"
        },
        "thumbImage": "slider_ios7.png"
    },
    "isvisible": true,
    "kuid": "8bcef84160b24a1ea608829d2ba0158c",
    "leftskin": "sbc10a8312694bd58e43b75e7d491be3",
    "name": "kony.ui.Slider",
    "noofsteps": 90,
    "onselection": "AS_Slider_dd48113cb9314fefa1c80befd9f92b76",
    "osPlatform": "iphone",
    "osVersion": "iOS7",
    "parent": "frmCropPreview",
    "pf": "frmCropPreview",
    "rightskin": "s33a9222223b4cf186155a5209c8bc32",
    "selectedvalue": 14,
    "stepwidth": 7.633333333333334,
    "thumbimage": "",
    "wType": "Slider",
    "widgetalignment": 5,
    "zindex": 1
}