{
    "@class": "com.kony.gen.viz.model.component.KVizImage2",
    "DNDConfig": null,
    "__parentReadjusting__": false,
    "_base64_": null,
    "_height_": {
        "type": "string",
        "value": "75%"
    },
    "_left_": {
        "type": "string",
        "value": "10dp"
    },
    "_margin_": [
        0,
        0,
        0,
        0
    ],
    "_padding_": [
        0,
        0,
        0,
        0
    ],
    "_skin_": "s1565385cff54aeca36d97fb153483b1",
    "_src_": "imagedrag.png",
    "_top_": {
        "type": "string",
        "value": "2dp"
    },
    "_width_": {
        "type": "string",
        "value": "30%"
    },
    "canUpdateUI": true,
    "containerweight": 100,
    "context": {
        "channel": "mobile",
        "formID": "frmblurIphone",
        "platform": "iphone",
        "templateType": "forms",
        "topLevelBox": null
    },
    "id": "Img1",
    "ide_onTouchEnd": "AS_Image_331b5005c8874d50b8cb44b52047aca1",
    "imagescalemode": 1,
    "info": null,
    "isvisible": true,
    "kuid": "c964affeb8964790a948085859f23fdd",
    "name": "kony.ui.Image2",
    "ontouchend": "AS_Image_331b5005c8874d50b8cb44b52047aca1",
    "parent": "FlexContainer035b43882b4c047",
    "pf": "frmblurIphone",
    "srcType": 1,
    "wType": "Image",
    "widgetalignment": 5
}